Workbook

Sheet 変更履歴
B2: システム名 | H2: 業務分類 | L2: システム分類 | R2: ドキュメント種別 | X2: ドキュメント名 | AK2: 試験対象 | AX2: 作成日 | BB2: 作成者 | BF2: 更新日 | BJ2: 更新者
B3: 受発注システム | H3: =LEFT($X$3,FIND("_",$X$3)-1) -> マスタ | L3: 受発注 | R3: =MID($X$3,FIND("_",$X$3,FIND("_",$X$3)+1)+1,LEN($X$3)-FIND("_",$X$3,FIND("_",$X$3)+1)) -> 結合試験項目 | X3: =REPLACE(LEFT(CELL("filename",$B$2),FIND(".x",CELL("filename",$B$2))-1),1,FIND("[",CELL("filename",$B$2)),) -> マスタ_三和サービス実績入力_結合試験項目 | AK3: =MID($X$3,FIND("_",$X$3)+1,FIND("_",$X$3,FIND("_",$X$3)+1)-FIND("_",$X$3)-1) -> 三和サービス実績入力 | AX3: 45636 | BB3: 榎本 | BF3: 45636 | BJ3: 榎本
C7: 変更履歴
C8: 日付 | G8: 版数 | K8: 担当 | O8: 変更箇所 | Y8: 内容
C9: 45636 | G9: 1.0.0 | O9: - | Y9: 新規作成

Sheet 新規更新共通
B2: システム名 | H2: 業務分類 | L2: システム分類 | R2: ドキュメント種別 | X2: ドキュメント名 | AK2: 試験対象 | AX2: 作成日 | BB2: 作成者 | BF2: 更新日 | BJ2: 更新者
B3: =変更履歴!B3 -> 受発注システム | H3: =変更履歴!H3 -> マスタ | L3: =変更履歴!L3 -> 受発注 | R3: =変更履歴!R3 -> 結合試験項目 | X3: =変更履歴!X3 -> マスタ_三和サービス実績入力_結合試験項目 | AK3: =変更履歴!AK3 -> 三和サービス実績入力 | AX3: =変更履歴!AX3 -> 45636 | BB3: =変更履歴!BB3 -> 榎本 | BF3: =変更履歴!BF3 -> 45636 | BJ3: =変更履歴!BJ3 -> 榎本
BE7: 件数 | BG7: 合計 | BI7: 終了 | BK7: 残
AO8: １回目 | AU8: 2回目 | BG8: =COUNTA(C10:C51) -> 42 | BI8: =COUNTIF(AS10:AT51,"OK")+COUNTIF(AY10:AZ51,"OK") -> 42 | BK8: =BG8-BI8 -> 0
C9: No. | D9: 大項目 | H9: 中項目 | L9: 小項目 | P9: 確認手順 | X9: 確認観点 | AF9: 補足事項(テスト項目補足、テストデータ等) | AO9: 確認日 | AQ9: 確認者 | AS9: 結果 | AU9: 確認日 | AW9: 確認者 | AY9: 結果 | BA9: 試験結果備考
C10: =ROW()-9 -> 1 | D10: 新規登録画面 | H10: 入力制御確認 | L10: 実績日付 | P10: 値を入力する | X10: 日付形式でのみ入力できること | AO10: 45683 | AQ10: 飯高 | AS10: OK
C11: =ROW()-9 -> 2 | L11: 【自車】売上税抜金額_三和商研 | P11: 値を入力する | X11: 数値のみで8桁まで入力できること | AO11: 45683 | AQ11: 飯高 | AS11: NG | AU11: 45688 | AW11: 飯高 | AY11: OK | BA11: 8桁以上入力できる
C12: =ROW()-9 -> 3 | L12: 【自車】売上税抜金額_店装技研 | P12: 値を入力する | X12: 数値のみで8桁まで入力できること | AO12: 45683 | AQ12: 飯高 | AS12: NG | AU12: 45688 | AW12: 飯高 | AY12: OK | BA12: 8桁以上入力できる
C13: =ROW()-9 -> 4 | L13: 【自車】売上税抜金額_サンワP | P13: 値を入力する | X13: 数値のみで8桁まで入力できること | AO13: 45683 | AQ13: 飯高 | AS13: NG | AU13: 45688 | AW13: 飯高 | AY13: OK | BA13: 8桁以上入力できる
C14: =ROW()-9 -> 5 | L14: 【自車】売上税抜金額_日本運輸荷造 | P14: 値を入力する | X14: 数値のみで8桁まで入力できること | AO14: 45683 | AQ14: 飯高 | AS14: NG | AU14: 45688 | AW14: 飯高 | AY14: OK | BA14: 8桁以上入力できる
C15: =ROW()-9 -> 6 | L15: 【自車】売上税抜金額_トランコム | P15: 値を入力する | X15: 数値のみで8桁まで入力できること | AO15: 45683 | AQ15: 飯高 | AS15: NG | AU15: 45688 | AW15: 飯高 | AY15: OK | BA15: 8桁以上入力できる
C16: =ROW()-9 -> 7 | L16: 【自車】売上税抜金額_その他 | P16: 値を入力する | X16: 数値のみで8桁まで入力できること | AO16: 45683 | AQ16: 飯高 | AS16: NG | AU16: 45688 | AW16: 飯高 | AY16: OK | BA16: 8桁以上入力できる
C17: =ROW()-9 -> 8 | L17: 【自車】売上税抜金額_事故 | P17: 値を入力する | X17: 数値のみで8桁まで入力できること | AO17: 45683 | AQ17: 飯高 | AS17: NG | AU17: 45688 | AW17: 飯高 | AY17: OK | BA17: 8桁以上入力できる
C18: =ROW()-9 -> 9 | L18: 【自車】原価税抜金額_三和商研 | P18: 値を入力する | X18: 数値のみで8桁まで入力できること | AO18: 45683 | AQ18: 飯高 | AS18: NG | AU18: 45688 | AW18: 飯高 | AY18: OK | BA18: 8桁以上入力できる
C19: =ROW()-9 -> 10 | L19: 【自車】原価税抜金額_店装技研 | P19: 値を入力する | X19: 数値のみで8桁まで入力できること | AO19: 45683 | AQ19: 飯高 | AS19: NG | AU19: 45688 | AW19: 飯高 | AY19: OK | BA19: 8桁以上入力できる
C20: =ROW()-9 -> 11 | L20: 【自車】原価税抜金額_サンワP | P20: 値を入力する | X20: 数値のみで8桁まで入力できること | AO20: 45683 | AQ20: 飯高 | AS20: NG | AU20: 45688 | AW20: 飯高 | AY20: OK | BA20: 8桁以上入力できる
C21: =ROW()-9 -> 12 | L21: 【自車】原価税抜金額_日本運輸荷造 | P21: 値を入力する | X21: 数値のみで8桁まで入力できること | AO21: 45683 | AQ21: 飯高 | AS21: NG | AU21: 45688 | AW21: 飯高 | AY21: OK | BA21: 8桁以上入力できる
C22: =ROW()-9 -> 13 | L22: 【自車】原価税抜金額_トランコム | P22: 値を入力する | X22: 数値のみで8桁まで入力できること | AO22: 45683 | AQ22: 飯高 | AS22: NG | AU22: 45688 | AW22: 飯高 | AY22: OK | BA22: 8桁以上入力できる
... C50: =ROW()-9 -> 41 | L50: 営業外費 | P50: 三和サービス実績入力より新規作成画面を起動する | X50: 数値のみで8桁まで入力できること | AO50: 45683 | AQ50: 飯高 | AS50: NG | AU50: 45688 | AW50: 飯高 | AY50: OK | BA50: 8桁以上入力できる
C51: =ROW()-9 -> 42 | H51: エラー確認 | L51: 実績日付 | P51: 未入力で作成ボタンを押下する。 | X51: エラーメッセージが出力され、作成できないこと | AO51: 45681 | AQ51: 飯高 | AS51: NG | AU51: 45688 | AW51: 飯高 | AY51: OK | BA51: エラーメッセージが表示されない

Sheet 新規登録画面
B2: システム名 | H2: 業務分類 | L2: システム分類 | R2: ドキュメント種別 | X2: ドキュメント名 | AK2: 試験対象 | AX2: 作成日 | BB2: 作成者 | BF2: 更新日 | BJ2: 更新者
B3: =変更履歴!B3 -> 受発注システム | H3: =変更履歴!H3 -> マスタ | L3: =変更履歴!L3 -> 受発注 | R3: =変更履歴!R3 -> 結合試験項目 | X3: =変更履歴!X3 -> マスタ_三和サービス実績入力_結合試験項目 | AK3: =変更履歴!AK3 -> 三和サービス実績入力 | AX3: =変更履歴!AX3 -> 45636 | BB3: =変更履歴!BB3 -> 榎本 | BF3: =変更履歴!BF3 -> 45636 | BJ3: =変更履歴!BJ3 -> 榎本
BE7: 件数 | BG7: 合計 | BI7: 終了 | BK7: 残
AO8: １回目 | AU8: 2回目 | BG8: =COUNTA(C10:C91) -> 82 | BI8: =COUNTIF(AS10:AT91,"OK")+COUNTIF(AY10:AZ91,"OK") -> 82 | BK8: =BG8-BI8 -> 0
C9: No. | D9: 大項目 | H9: 中項目 | L9: 小項目 | P9: 確認手順 | X9: 確認観点 | AF9: 補足事項(テスト項目補足、テストデータ等) | AO9: 確認日 | AQ9: 確認者 | AS9: 結果 | AU9: 確認日 | AW9: 確認者 | AY9: 結果 | BA9: 試験結果備考
C10: =ROW()-9 -> 1 | D10: 新規登録画面 | H10: 初期表示 | L10: 実績日付 | P10: 三和サービス実績入力より、データのない実績日付に新規追加する | X10: 入力欄が活性、かつ空欄で必須項目であること。 | AO10: 45683 | AQ10: 飯高 | AS10: OK
C11: =ROW()-9 -> 2 | L11: 【自車】売上税抜金額_三和商研 | P11: 三和サービス実績入力より、データのない実績日付に新規追加する | X11: 入力欄が活性、かつ0が入力されていること。 | AO11: 45683 | AQ11: 飯高 | AS11: NG | AU11: 45688 | AW11: 飯高 | AY11: OK
C12: =ROW()-9 -> 3 | L12: 【自車】売上税抜金額_店装技研 | P12: 三和サービス実績入力より、データのない実績日付に新規追加する | X12: 入力欄が活性、かつ0が入力されていること。 | AO12: 45683 | AQ12: 飯高 | AS12: NG | AU12: 45688 | AW12: 飯高 | AY12: OK
C13: =ROW()-9 -> 4 | L13: 【自車】売上税抜金額_サンワP | P13: 三和サービス実績入力より、データのない実績日付に新規追加する | X13: 入力欄が活性、かつ0が入力されていること。 | AO13: 45683 | AQ13: 飯高 | AS13: NG | AU13: 45688 | AW13: 飯高 | AY13: OK
C14: =ROW()-9 -> 5 | L14: 【自車】売上税抜金額_日本運輸荷造 | P14: 三和サービス実績入力より、データのない実績日付に新規追加する | X14: 入力欄が活性、かつ0が入力されていること。 | AO14: 45683 | AQ14: 飯高 | AS14: NG | AU14: 45688 | AW14: 飯高 | AY14: OK
C15: =ROW()-9 -> 6 | L15: 【自車】売上税抜金額_トランコム | P15: 三和サービス実績入力より、データのない実績日付に新規追加する | X15: 入力欄が活性、かつ0が入力されていること。 | AO15: 45683 | AQ15: 飯高 | AS15: NG | AU15: 45688 | AW15: 飯高 | AY15: OK
C16: =ROW()-9 -> 7 | L16: 【自車】売上税抜金額_その他 | P16: 三和サービス実績入力より、データのない実績日付に新規追加する | X16: 入力欄が活性、かつ0が入力されていること。 | AO16: 45683 | AQ16: 飯高 | AS16: NG | AU16: 45688 | AW16: 飯高 | AY16: OK
C17: =ROW()-9 -> 8 | L17: 【自車】売上税抜金額_事故 | P17: 三和サービス実績入力より、データのない実績日付に新規追加する | X17: 入力欄が活性、かつ0が入力されていること。 | AO17: 45683 | AQ17: 飯高 | AS17: NG | AU17: 45688 | AW17: 飯高 | AY17: OK
C18: =ROW()-9 -> 9 | L18: 【自車】原価税抜金額_三和商研 | P18: 三和サービス実績入力より、データのない実績日付に新規追加する | X18: 入力欄が活性、かつ0が入力されていること。 | AO18: 45683 | AQ18: 飯高 | AS18: NG | AU18: 45688 | AW18: 飯高 | AY18: OK
C19: =ROW()-9 -> 10 | L19: 【自車】原価税抜金額_店装技研 | P19: 三和サービス実績入力より、データのない実績日付に新規追加する | X19: 入力欄が活性、かつ0が入力されていること。 | AO19: 45683 | AQ19: 飯高 | AS19: NG | AU19: 45688 | AW19: 飯高 | AY19: OK
C20: =ROW()-9 -> 11 | L20: 【自車】原価税抜金額_サンワP | P20: 三和サービス実績入力より、データのない実績日付に新規追加する | X20: 入力欄が活性、かつ0が入力されていること。 | AO20: 45683 | AQ20: 飯高 | AS20: NG | AU20: 45688 | AW20: 飯高 | AY20: OK
C21: =ROW()-9 -> 12 | L21: 【自車】原価税抜金額_日本運輸荷造 | P21: 三和サービス実績入力より、データのない実績日付に新規追加する | X21: 入力欄が活性、かつ0が入力されていること。 | AO21: 45683 | AQ21: 飯高 | AS21: NG | AU21: 45688 | AW21: 飯高 | AY21: OK
C22: =ROW()-9 -> 13 | L22: 【自車】原価税抜金額_トランコム | P22: 三和サービス実績入力より、データのない実績日付に新規追加する | X22: 入力欄が活性、かつ0が入力されていること。 | AO22: 45683 | AQ22: 飯高 | AS22: NG | AU22: 45688 | AW22: 飯高 | AY22: OK
... C50: =ROW()-9 -> 41 | L50: 営業外費 | P50: 三和サービス実績入力より、データのない実績日付に新規追加する | X50: 入力欄が活性、かつ0が入力されていること。 | AO50: 45683 | AQ50: 飯高 | AS50: NG | AU50: 45688 | AW50: 飯高 | AY50: OK
C51: =ROW()-9 -> 42 | H51: 新規登録 | L51: 実績日付 | P51: 値を入力して作成ボタンを押下する | X51: 入力した値がTMサービス実績情報テーブルの項目に反映されること | AO51: 45683 | AQ51: 飯高 | AS51: NG | AU51: 45688 | AW51: 飯高 | AY51: OK
C52: =ROW()-9 -> 43 | L52: 【自車】売上税抜金額_三和商研 | P52: 値を入力して作成ボタンを押下する | X52: 入力した値がTMサービス実績情報テーブルの項目に反映されること | AO52: 45683 | AQ52: 飯高 | AS52: NG | AU52: 45688 | AW52: 飯高 | AY52: OK
C53: =ROW()-9 -> 44 | L53: 【自車】売上税抜金額_店装技研 | P53: 値を入力して作成ボタンを押下する | X53: 入力した値がTMサービス実績情報テーブルの項目に反映されること | AO53: 45683 | AQ53: 飯高 | AS53: NG | AU53: 45688 | AW53: 飯高 | AY53: OK
C54: =ROW()-9 -> 45 | L54: 【自車】売上税抜金額_サンワP | P54: 値を入力して作成ボタンを押下する | X54: 入力した値がTMサービス実績情報テーブルの項目に反映されること | AO54: 45683 | AQ54: 飯高 | AS54: NG | AU54: 45688 | AW54: 飯高 | AY54: OK
C55: =ROW()-9 -> 46 | L55: 【自車】売上税抜金額_日本運輸荷造 | P55: 値を入力して作成ボタンを押下する | X55: 入力した値がTMサービス実績情報テーブルの項目に反映されること | AO55: 45683 | AQ55: 飯高 | AS55: NG | AU55: 45688 | AW55: 飯高 | AY55: OK
C56: =ROW()-9 -> 47 | L56: 【自車】売上税抜金額_トランコム | P56: 値を入力して作成ボタンを押下する | X56: 入力した値がTMサービス実績情報テーブルの項目に反映されること | AO56: 45683 | AQ56: 飯高 | AS56: NG | AU56: 45688 | AW56: 飯高 | AY56: OK
C57: =ROW()-9 -> 48 | L57: 【自車】売上税抜金額_その他 | P57: 値を入力して作成ボタンを押下する | X57: 入力した値がTMサービス実績情報テーブルの項目に反映されること | AO57: 45683 | AQ57: 飯高 | AS57: NG | AU57: 45688 | AW57: 飯高 | AY57: OK
C58: =ROW()-9 -> 49 | L58: 【自車】売上税抜金額_事故 | P58: 値を入力して作成ボタンを押下する | X58: 入力した値がTMサービス実績情報テーブルの項目に反映されること | AO58: 45683 | AQ58: 飯高 | AS58: NG | AU58: 45688 | AW58: 飯高 | AY58: OK
C59: =ROW()-9 -> 50 | L59: 【自車】原価税抜金額_三和商研 | P59: 値を入力して作成ボタンを押下する | X59: 入力した値がTMサービス実績情報テーブルの項目に反映されること | AO59: 45683 | AQ59: 飯高 | AS59: NG | AU59: 45688 | AW59: 飯高 | AY59: OK
C60: =ROW()-9 -> 51 | L60: 【自車】原価税抜金額_店装技研 | P60: 値を入力して作成ボタンを押下する | X60: 入力した値がTMサービス実績情報テーブルの項目に反映されること | AO60: 45683 | AQ60: 飯高 | AS60: NG | AU60: 45688 | AW60: 飯高 | AY60: OK
C61: =ROW()-9 -> 52 | L61: 【自車】原価税抜金額_サンワP | P61: 値を入力して作成ボタンを押下する | X61: 入力した値がTMサービス実績情報テーブルの項目に反映されること | AO61: 45683 | AQ61: 飯高 | AS61: NG | AU61: 45688 | AW61: 飯高 | AY61: OK
C62: =ROW()-9 -> 53 | L62: 【自車】原価税抜金額_日本運輸荷造 | P62: 値を入力して作成ボタンを押下する | X62: 入力した値がTMサービス実績情報テーブルの項目に反映されること | AO62: 45683 | AQ62: 飯高 | AS62: NG | AU62: 45688 | AW62: 飯高 | AY62: OK
C63: =ROW()-9 -> 54 | L63: 【自車】原価税抜金額_トランコム | P63: 値を入力して作成ボタンを押下する | X63: 入力した値がTMサービス実績情報テーブルの項目に反映されること | AO63: 45683 | AQ63: 飯高 | AS63: NG | AU63: 45688 | AW63: 飯高 | AY63: OK
... C91: =ROW()-9 -> 82 | L91: 営業外費 | P91: 値を入力して作成ボタンを押下する | X91: 入力した値がTMサービス実績情報テーブルの項目に反映されること | AO91: 45683 | AQ91: 飯高 | AS91: NG | AU91: 45688 | AW91: 飯高 | AY91: OK

Sheet 更新画面
B2: システム名 | H2: 業務分類 | L2: システム分類 | R2: ドキュメント種別 | X2: ドキュメント名 | AK2: 試験対象 | AX2: 作成日 | BB2: 作成者 | BF2: 更新日 | BJ2: 更新者
B3: =変更履歴!B3 -> 受発注システム | H3: =変更履歴!H3 -> マスタ | L3: =変更履歴!L3 -> 受発注 | R3: =変更履歴!R3 -> 結合試験項目 | X3: =変更履歴!X3 -> マスタ_三和サービス実績入力_結合試験項目 | AK3: =変更履歴!AK3 -> 三和サービス実績入力 | AX3: =変更履歴!AX3 -> 45636 | BB3: =変更履歴!BB3 -> 榎本 | BF3: =変更履歴!BF3 -> 45636 | BJ3: =変更履歴!BJ3 -> 榎本
BE7: 件数 | BG7: 合計 | BI7: 終了 | BK7: 残
AO8: １回目 | AU8: 2回目 | BG8: =COUNTA(C10:C92) -> 83 | BI8: =COUNTIF(AS10:AT92,"OK")+COUNTIF(AY10:AZ92,"OK") -> 83 | BK8: =BG8-BI8 -> 0
C9: No. | D9: 大項目 | H9: 中項目 | L9: 小項目 | P9: 確認手順 | X9: 確認観点 | AF9: 補足事項(テスト項目補足、テストデータ等) | AO9: 確認日 | AQ9: 確認者 | AS9: 結果 | AU9: 確認日 | AW9: 確認者 | AY9: 結果 | BA9: 試験結果備考
C10: =ROW()-9 -> 1 | D10: 更新画面 | H10: 初期表示 | L10: 実績日付 | P10: 三和サービス実績入力より、データが登録された実績日付を検索し、押下する | X10: TMサービス実績情報テーブルの項目と同じ値が表示されていること。 | AO10: 45683 | AQ10: 飯高 | AS10: NG | AU10: 45688 | AW10: 飯高 | AY10: OK | BA10: TMサービス実績情報テーブルに登録されていない
C11: =ROW()-9 -> 2 | L11: 【自車】売上税抜金額_三和商研 | P11: 三和サービス実績入力より、データが登録された実績日付を検索し、押下する | X11: TMサービス実績情報テーブルの項目と同じ値が表示されていること。 | AO11: 45683 | AQ11: 飯高 | AS11: NG | AU11: 45688 | AW11: 飯高 | AY11: OK | BA11: TMサービス実績情報テーブルに登録されていない
C12: =ROW()-9 -> 3 | L12: 【自車】売上税抜金額_店装技研 | P12: 三和サービス実績入力より、データが登録された実績日付を検索し、押下する | X12: TMサービス実績情報テーブルの項目と同じ値が表示されていること。 | AO12: 45683 | AQ12: 飯高 | AS12: NG | AU12: 45688 | AW12: 飯高 | AY12: OK | BA12: TMサービス実績情報テーブルに登録されていない
C13: =ROW()-9 -> 4 | L13: 【自車】売上税抜金額_サンワP | P13: 三和サービス実績入力より、データが登録された実績日付を検索し、押下する | X13: TMサービス実績情報テーブルの項目と同じ値が表示されていること。 | AO13: 45683 | AQ13: 飯高 | AS13: NG | AU13: 45688 | AW13: 飯高 | AY13: OK | BA13: TMサービス実績情報テーブルに登録されていない
C14: =ROW()-9 -> 5 | L14: 【自車】売上税抜金額_日本運輸荷造 | P14: 三和サービス実績入力より、データが登録された実績日付を検索し、押下する | X14: TMサービス実績情報テーブルの項目と同じ値が表示されていること。 | AO14: 45683 | AQ14: 飯高 | AS14: NG | AU14: 45688 | AW14: 飯高 | AY14: OK | BA14: TMサービス実績情報テーブルに登録されていない
C15: =ROW()-9 -> 6 | L15: 【自車】売上税抜金額_トランコム | P15: 三和サービス実績入力より、データが登録された実績日付を検索し、押下する | X15: TMサービス実績情報テーブルの項目と同じ値が表示されていること。 | AO15: 45683 | AQ15: 飯高 | AS15: NG | AU15: 45688 | AW15: 飯高 | AY15: OK | BA15: TMサービス実績情報テーブルに登録されていない
C16: =ROW()-9 -> 7 | L16: 【自車】売上税抜金額_その他 | P16: 三和サービス実績入力より、データが登録された実績日付を検索し、押下する | X16: TMサービス実績情報テーブルの項目と同じ値が表示されていること。 | AO16: 45683 | AQ16: 飯高 | AS16: NG | AU16: 45688 | AW16: 飯高 | AY16: OK | BA16: TMサービス実績情報テーブルに登録されていない
C17: =ROW()-9 -> 8 | L17: 【自車】売上税抜金額_事故 | P17: 三和サービス実績入力より、データが登録された実績日付を検索し、押下する | X17: TMサービス実績情報テーブルの項目と同じ値が表示されていること。 | AO17: 45683 | AQ17: 飯高 | AS17: NG | AU17: 45688 | AW17: 飯高 | AY17: OK | BA17: TMサービス実績情報テーブルに登録されていない
C18: =ROW()-9 -> 9 | L18: 【自車】原価税抜金額_三和商研 | P18: 三和サービス実績入力より、データが登録された実績日付を検索し、押下する | X18: TMサービス実績情報テーブルの項目と同じ値が表示されていること。 | AO18: 45683 | AQ18: 飯高 | AS18: NG | AU18: 45688 | AW18: 飯高 | AY18: OK | BA18: TMサービス実績情報テーブルに登録されていない
C19: =ROW()-9 -> 10 | L19: 【自車】原価税抜金額_店装技研 | P19: 三和サービス実績入力より、データが登録された実績日付を検索し、押下する | X19: TMサービス実績情報テーブルの項目と同じ値が表示されていること。 | AO19: 45683 | AQ19: 飯高 | AS19: NG | AU19: 45688 | AW19: 飯高 | AY19: OK | BA19: TMサービス実績情報テーブルに登録されていない
C20: =ROW()-9 -> 11 | L20: 【自車】原価税抜金額_サンワP | P20: 三和サービス実績入力より、データが登録された実績日付を検索し、押下する | X20: TMサービス実績情報テーブルの項目と同じ値が表示されていること。 | AO20: 45683 | AQ20: 飯高 | AS20: NG | AU20: 45688 | AW20: 飯高 | AY20: OK | BA20: TMサービス実績情報テーブルに登録されていない
C21: =ROW()-9 -> 12 | L21: 【自車】原価税抜金額_日本運輸荷造 | P21: 三和サービス実績入力より、データが登録された実績日付を検索し、押下する | X21: TMサービス実績情報テーブルの項目と同じ値が表示されていること。 | AO21: 45683 | AQ21: 飯高 | AS21: NG | AU21: 45688 | AW21: 飯高 | AY21: OK | BA21: TMサービス実績情報テーブルに登録されていない
C22: =ROW()-9 -> 13 | L22: 【自車】原価税抜金額_トランコム | P22: 三和サービス実績入力より、データが登録された実績日付を検索し、押下する | X22: TMサービス実績情報テーブルの項目と同じ値が表示されていること。 | AO22: 45683 | AQ22: 飯高 | AS22: NG | AU22: 45688 | AW22: 飯高 | AY22: OK | BA22: TMサービス実績情報テーブルに登録されていない
... C50: =ROW()-9 -> 41 | L50: 営業外費 | P50: 三和サービス実績入力より、データが登録された実績日付を検索し、押下する | X50: TMサービス実績情報テーブルの項目と同じ値が表示されていること。 | AO50: 45683 | AQ50: 飯高 | AS50: NG | AU50: 45688 | AW50: 飯高 | AY50: OK | BA50: TMサービス実績情報テーブルに登録されていない
C51: =ROW()-9 -> 42 | H51: 更新 | L51: 実績日付 | P51: 値を入力して更新ボタンを押下する | X51: 入力した値がTMサービス実績情報テーブルの項目に反映されること | AO51: 45683 | AQ51: 飯高 | AS51: NG | AU51: 45688 | AW51: 飯高 | AY51: OK | BA51: TMサービス実績情報テーブルに登録されていない
C52: =ROW()-9 -> 43 | L52: 【自車】売上税抜金額_三和商研 | P52: 値を入力して更新ボタンを押下する | X52: 入力した値がTMサービス実績情報テーブルの項目に反映されること | AO52: 45683 | AQ52: 飯高 | AS52: NG | AU52: 45688 | AW52: 飯高 | AY52: OK | BA52: TMサービス実績情報テーブルに登録されていない
C53: =ROW()-9 -> 44 | L53: 【自車】売上税抜金額_店装技研 | P53: 値を入力して更新ボタンを押下する | X53: 入力した値がTMサービス実績情報テーブルの項目に反映されること | AO53: 45683 | AQ53: 飯高 | AS53: NG | AU53: 45688 | AW53: 飯高 | AY53: OK | BA53: TMサービス実績情報テーブルに登録されていない
C54: =ROW()-9 -> 45 | L54: 【自車】売上税抜金額_サンワP | P54: 値を入力して更新ボタンを押下する | X54: 入力した値がTMサービス実績情報テーブルの項目に反映されること | AO54: 45683 | AQ54: 飯高 | AS54: NG | AU54: 45688 | AW54: 飯高 | AY54: OK | BA54: TMサービス実績情報テーブルに登録されていない
C55: =ROW()-9 -> 46 | L55: 【自車】売上税抜金額_日本運輸荷造 | P55: 値を入力して更新ボタンを押下する | X55: 入力した値がTMサービス実績情報テーブルの項目に反映されること | AO55: 45683 | AQ55: 飯高 | AS55: NG | AU55: 45688 | AW55: 飯高 | AY55: OK | BA55: TMサービス実績情報テーブルに登録されていない
C56: =ROW()-9 -> 47 | L56: 【自車】売上税抜金額_トランコム | P56: 値を入力して更新ボタンを押下する | X56: 入力した値がTMサービス実績情報テーブルの項目に反映されること | AO56: 45683 | AQ56: 飯高 | AS56: NG | AU56: 45688 | AW56: 飯高 | AY56: OK | BA56: TMサービス実績情報テーブルに登録されていない
C57: =ROW()-9 -> 48 | L57: 【自車】売上税抜金額_その他 | P57: 値を入力して更新ボタンを押下する | X57: 入力した値がTMサービス実績情報テーブルの項目に反映されること | AO57: 45683 | AQ57: 飯高 | AS57: NG | AU57: 45688 | AW57: 飯高 | AY57: OK | BA57: TMサービス実績情報テーブルに登録されていない
C58: =ROW()-9 -> 49 | L58: 【自車】売上税抜金額_事故 | P58: 値を入力して更新ボタンを押下する | X58: 入力した値がTMサービス実績情報テーブルの項目に反映されること | AO58: 45683 | AQ58: 飯高 | AS58: NG | AU58: 45688 | AW58: 飯高 | AY58: OK | BA58: TMサービス実績情報テーブルに登録されていない
C59: =ROW()-9 -> 50 | L59: 【自車】原価税抜金額_三和商研 | P59: 値を入力して更新ボタンを押下する | X59: 入力した値がTMサービス実績情報テーブルの項目に反映されること | AO59: 45683 | AQ59: 飯高 | AS59: NG | AU59: 45688 | AW59: 飯高 | AY59: OK | BA59: TMサービス実績情報テーブルに登録されていない
C60: =ROW()-9 -> 51 | L60: 【自車】原価税抜金額_店装技研 | P60: 値を入力して更新ボタンを押下する | X60: 入力した値がTMサービス実績情報テーブルの項目に反映されること | AO60: 45683 | AQ60: 飯高 | AS60: NG | AU60: 45688 | AW60: 飯高 | AY60: OK | BA60: TMサービス実績情報テーブルに登録されていない
C61: =ROW()-9 -> 52 | L61: 【自車】原価税抜金額_サンワP | P61: 値を入力して更新ボタンを押下する | X61: 入力した値がTMサービス実績情報テーブルの項目に反映されること | AO61: 45683 | AQ61: 飯高 | AS61: NG | AU61: 45688 | AW61: 飯高 | AY61: OK | BA61: TMサービス実績情報テーブルに登録されていない
C62: =ROW()-9 -> 53 | L62: 【自車】原価税抜金額_日本運輸荷造 | P62: 値を入力して更新ボタンを押下する | X62: 入力した値がTMサービス実績情報テーブルの項目に反映されること | AO62: 45683 | AQ62: 飯高 | AS62: NG | AU62: 45688 | AW62: 飯高 | AY62: OK | BA62: TMサービス実績情報テーブルに登録されていない
C63: =ROW()-9 -> 54 | L63: 【自車】原価税抜金額_トランコム | P63: 値を入力して更新ボタンを押下する | X63: 入力した値がTMサービス実績情報テーブルの項目に反映されること | AO63: 45683 | AQ63: 飯高 | AS63: NG | AU63: 45688 | AW63: 飯高 | AY63: OK | BA63: TMサービス実績情報テーブルに登録されていない
... C91: =ROW()-9 -> 82 | L91: 営業外費 | P91: 値を入力して更新ボタンを押下する | X91: 入力した値がTMサービス実績情報テーブルの項目に反映されること | AO91: 45683 | AQ91: 飯高 | AS91: NG | AU91: 45688 | AW91: 飯高 | AY91: OK | BA91: TMサービス実績情報テーブルに登録されていない
C92: =ROW()-9 -> 83 | H92: 削除 | L92: 削除ボタン | P92: 削除ボタンを押下する | X92: TMサービス実績情報テーブルの対象レコードが削除されること。 | AO92: 45683 | AQ92: 飯高 | AS92: NG | AU92: 45688 | AW92: 飯高 | AY92: OK | BA92: TMサービス実績情報テーブルに登録されていない

Sheet 参照
A1: ラベル
A2: インプット
A3: ボタン
A4: ラジオ
