Workbook

Sheet 変更履歴
B2: システム名 | H2: 業務分類 | L2: システム分類 | R2: ドキュメント種別 | X2: ドキュメント名 | AK2: 試験対象 | AX2: 作成日 | BB2: 作成者 | BF2: 更新日 | BJ2: 更新者
B3: 受発注システム | H3: =LEFT($X$3,FIND("_",$X$3)-1) -> 仕入支払 | L3: 受発注 | R3: =MID($X$3,FIND("_",$X$3,FIND("_",$X$3)+1)+1,LEN($X$3)-FIND("_",$X$3,FIND("_",$X$3)+1)) -> 結合試験項目 | X3: =REPLACE(LEFT(CELL("filename",$B$2),FIND(".x",CELL("filename",$B$2))-1),1,FIND("[",CELL("filename",$B$2)),) -> 仕入支払_仕入日計表_結合試験項目 | AK3: =MID($X$3,FIND("_",$X$3)+1,FIND("_",$X$3,FIND("_",$X$3)+1)-FIND("_",$X$3)-1) -> 仕入日計表 | AX3: 45635 | BB3: 榎本 | BF3: 45635 | BJ3: 榎本
C7: 変更履歴
C8: 日付 | G8: 版数 | K8: 担当 | O8: 変更箇所 | Y8: 内容
C9: 45635 | G9: 1.0.0 | O9: - | Y9: 新規作成

Sheet 画面
B2: システム名 | H2: 業務分類 | L2: システム分類 | R2: ドキュメント種別 | X2: ドキュメント名 | AK2: 試験対象 | AX2: 作成日 | BB2: 作成者 | BF2: 更新日 | BJ2: 更新者
B3: =変更履歴!B3 -> 受発注システム | H3: =変更履歴!H3 -> 仕入支払 | L3: =変更履歴!L3 -> 受発注 | R3: =変更履歴!R3 -> 結合試験項目 | X3: =変更履歴!X3 -> 仕入支払_仕入日計表_結合試験項目 | AK3: =変更履歴!AK3 -> 仕入日計表 | AX3: =変更履歴!AX3 -> 45635 | BB3: =変更履歴!BB3 -> 榎本 | BF3: =変更履歴!BF3 -> 45635 | BJ3: =変更履歴!BJ3 -> 榎本
BE7: 件数 | BG7: 合計 | BI7: 終了 | BK7: 残
AO8: １回目 | AU8: 2回目 | BG8: =COUNTA(C10:C35) -> 26 | BI8: =COUNTIF(AS10:AT35,"OK")+COUNTIF(AY10:AZ35,"OK") -> 26 | BK8: =BG8-BI8 -> 0
C9: No. | D9: 大項目 | H9: 中項目 | L9: 小項目 | P9: 確認手順 | X9: 確認観点 | AF9: 補足事項(テスト項目補足、テストデータ等) | AO9: 確認日 | AQ9: 確認者 | AS9: 結果 | AU9: 確認日 | AW9: 確認者 | AY9: 結果 | BA9: 試験結果備考
C10: =ROW()-9 -> 1 | D10: 画面 | H10: 初期表示 | L10: 仕入日付(ラジオボタン) | P10: メニューより仕入日計表を起動する | X10: 入力欄が活性、チェックがされていること。 | AO10: 45681 | AQ10: 飯高 | AS10: OK
C11: =ROW()-9 -> 2 | L11: 支払日付(ラジオボタン) | P11: メニューより仕入日計表を起動する | X11: 入力欄が活性、チェックがされていないこと。 | AO11: 45681 | AQ11: 飯高 | AS11: OK
C12: =ROW()-9 -> 3 | L12: 仕入日付from | P12: メニューより仕入日計表を起動する | X12: 入力欄が活性、かつ当日の日付が入力されていること。 | AO12: 45681 | AQ12: 飯高 | AS12: NG | AU12: 45702 | AW12: 大谷 | AY12: OK | BA12: 前日の日付が入る ⇒当日の日付が入っていることを確認
C13: =ROW()-9 -> 4 | L13: 仕入日付to | P13: メニューより仕入日計表を起動する | X13: 入力欄が活性、かつ当日の日付が入力されていること。 | AO13: 45681 | AQ13: 飯高 | AS13: NG | AU13: 45702 | AW13: 大谷 | AY13: OK | BA13: 前日の日付が入る ⇒当日の日付が入っていることを確認
C14: =ROW()-9 -> 5 | L14: 支払日付from | P14: メニューより仕入日計表を起動する | X14: 表示されていないこと | AO14: 45681 | AQ14: 飯高 | AS14: OK
C15: =ROW()-9 -> 6 | L15: 支払日付to | P15: メニューより仕入日計表を起動する | X15: 表示されていないこと | AO15: 45681 | AQ15: 飯高 | AS15: OK
C16: =ROW()-9 -> 7 | L16: 仕入先CDfrom | P16: メニューより仕入日計表を起動する | X16: 入力欄が活性、かつ空欄であること。 | AO16: 45681 | AQ16: 飯高 | AS16: OK
C17: =ROW()-9 -> 8 | L17: 仕入先CDto | P17: メニューより仕入日計表を起動する | X17: 入力欄が活性、かつ空欄であること。 | AO17: 45681 | AQ17: 飯高 | AS17: OK
C18: =ROW()-9 -> 9 | H18: 動作確認 | L18: 仕入日付(ラジオボタン) | P18: ラジオボタンを選択する | X18: 範囲指定の支払日付が仕入日付になること。 | AO18: 45681 | AQ18: 飯高 | AS18: OK
C19: =ROW()-9 -> 10 | L19: 支払日付(ラジオボタン) | P19: ラジオボタンを選択する | X19: 範囲指定の仕入日付が支払日付になること。 | AO19: 45681 | AQ19: 飯高 | AS19: OK
C20: =ROW()-9 -> 11 | L20: 仕入先CDfrom 虫眼鏡 | P20: 虫眼鏡を押下する | X20: 仕入先CDのダイアログが立ち上がること 見積番号(活性） 見積件名(非活性） 受注先(非活性） 納期(非活性） 現場名(非活性） | AO20: 45681 | AQ20: 飯高 | AS20: OK
C21: =ROW()-9 -> 12 | P21: 仕入先CD検索欄で仕入先を検索し仕入先を選択する | X21: 仕入先CDfromに選択した仕入先CDが表示されること。 | AO21: 45681 | AQ21: 飯高 | AS21: OK
C22: =ROW()-9 -> 13 | L22: 仕入先Cdfrom ×ボタン | P22: 仕入先CD欄に仕入先CDが選択されている状態で仕入先CDfromの×ボタンを押下 | X22: 仕入先CDfromが空欄になること | AO22: 45681 | AQ22: 飯高 | AS22: OK
C23: =ROW()-9 -> 14 | L23: 仕入先CDto 虫眼鏡 | P23: 虫眼鏡を押下する | X23: 仕入先CDのダイアログが立ち上がること 受注先(非活性） 納期(非活性） 現場名(非活性） | AO23: 45681 | AQ23: 飯高 | AS23: OK
C24: =ROW()-9 -> 15 | P24: 仕入先CD検索欄で仕入先を検索し仕入先を選択する | X24: 仕入先CDfromに選択した仕入先CDが表示されること。 | AO24: 45681 | AQ24: 飯高 | AS24: OK
C25: =ROW()-9 -> 16 | L25: 仕入先CDto ×ボタン | P25: 仕入先CD欄に仕入先CDが選択されている状態で仕入先CDfromの×ボタンを押下 | X25: 仕入先CDfromが空欄になること | AO25: 45681 | AQ25: 飯高 | AS25: OK
C26: =ROW()-9 -> 17 | L26: プレビュー | P26: プレビューボタンを押下する | X26: 現行システムと同じデータが表示されること。 | AO26: 45681 | AQ26: 飯高 | AS26: NG | AU26: 45702 | AW26: 大谷 | AY26: OK | BA26: プレビューボタンがない ⇒現行システムでは実装しない
C27: =ROW()-9 -> 18 | L27: 設定 | P27: 設定ボタン | X27: 設定ボタンがないこと | AO27: 45681 | AQ27: 飯高 | AS27: OK
C28: =ROW()-9 -> 19 | L28: PDF印刷 | P28: 印刷ボタン押下 | X28: 現行システムと同じデータがPDFで出力されること。 | AO28: 45681 | AQ28: 飯高 | AS28: OK
C29: =ROW()-9 -> 20 | L29: 終了 | P29: 終了ボタン押下 | X29: ダイアログが閉じること | AO29: 45681 | AQ29: 飯高 | AS29: OK
C30: =ROW()-9 -> 21 | H30: エラー確認 | L30: 仕入日付from | P30: 未入力で印刷ボタンを押下する。 | X30: エラーメッセージが出力され、帳票が出力されないこと | AO30: 45681 | AQ30: 飯高 | AS30: OK
C31: =ROW()-9 -> 22 | L31: 仕入日付to | P31: 未入力で印刷ボタンを押下する。 | X31: エラーメッセージが出力され、帳票が出力されないこと | AO31: 45681 | AQ31: 飯高 | AS31: OK
C32: =ROW()-9 -> 23 | L32: 仕入日付(From)・仕入日付(To) | P32: 仕入日付(From)の値が仕入日付(To)より大きい値を入力する | X32: エラーメッセージが出力され、帳票が出力されないこと | AO32: 45681 | AQ32: 飯高 | AS32: NG | AU32: 45702 | AW32: 大谷 | AY32: OK | BA32: エラーメッセージが表示されない ⇒該当データなしで正常終了する、現行通りの動きのため問題ないなし
C33: =ROW()-9 -> 24 | L33: 支払日付from | P33: 未入力で印刷ボタンを押下する。 | X33: エラーメッセージが出力され、帳票が出力されないこと | AO33: 45681 | AQ33: 飯高 | AS33: OK
C34: =ROW()-9 -> 25 | L34: 支払日付to | P34: 未入力で印刷ボタンを押下する。 | X34: エラーメッセージが出力され、帳票が出力されないこと | AO34: 45681 | AQ34: 飯高 | AS34: OK
C35: =ROW()-9 -> 26 | L35: 支払日付(From)・支払日付(To) | P35: 支払日付(From)の値が支払日付(To)より大きい値を入力する | X35: エラーメッセージが出力され、帳票が出力されないこと | AO35: 45681 | AQ35: 飯高 | AS35: NG | AU35: 45702 | AW35: 大谷 | AY35: OK | BA35: エラーメッセージが表示されない ⇒該当データなしで正常終了する、現行通りの動きのため問題ないなし

Sheet 帳票
B2: システム名 | H2: 業務分類 | L2: システム分類 | R2: ドキュメント種別 | X2: ドキュメント名 | AK2: 試験対象 | AX2: 作成日 | BB2: 作成者 | BF2: 更新日 | BJ2: 更新者
B3: =変更履歴!B3 -> 受発注システム | H3: =変更履歴!H3 -> 仕入支払 | L3: =変更履歴!L3 -> 受発注 | R3: =変更履歴!R3 -> 結合試験項目 | X3: =変更履歴!X3 -> 仕入支払_仕入日計表_結合試験項目 | AK3: =変更履歴!AK3 -> 仕入日計表 | AX3: =変更履歴!AX3 -> 45635 | BB3: =変更履歴!BB3 -> 榎本 | BF3: =変更履歴!BF3 -> 45635 | BJ3: =変更履歴!BJ3 -> 榎本
BE7: 件数 | BG7: 合計 | BI7: 終了 | BK7: 残
AO8: １回目 | AU8: 2回目 | BG8: =COUNTA(C10:C44) -> 35 | BI8: =COUNTIF(AS10:AT44,"OK")+COUNTIF(AY10:AZ44,"OK") -> 35 | BK8: =BG8-BI8 -> 0
C9: No. | D9: 大項目 | H9: 中項目 | L9: 小項目 | P9: 確認手順 | X9: 確認観点 | AF9: 補足事項(テスト項目補足、テストデータ等) | AO9: 確認日 | AQ9: 確認者 | AS9: 結果 | AU9: 確認日 | AW9: 確認者 | AY9: 結果 | BA9: 試験結果備考
C10: =ROW()-9 -> 1 | D10: 仕入日計表 | H10: 出力バリエーション | L10: 仕入日付from | P10: 仕入日付(ラジオボタン)を選択し 値を入力して印刷ボタン押下 | X10: 現行システムと同じデータが出力されること | AO10: 45681 | AQ10: 飯高 | AS10: OK
C11: =ROW()-9 -> 2 | L11: 仕入日付to | P11: 仕入日付(ラジオボタン)を選択し 値を入力して印刷ボタン押下 | X11: 現行システムと同じデータが出力されること | AO11: 45681 | AQ11: 飯高 | AS11: OK
C12: =ROW()-9 -> 3 | L12: 支払日付from | P12: 支払日付(ラジオボタン)を選択し 値を入力して印刷ボタン押下 | X12: 現行システムと同じデータが出力されること | AO12: 45681 | AQ12: 飯高 | AS12: OK
C13: =ROW()-9 -> 4 | L13: 支払日付to | P13: 支払日付(ラジオボタン)を選択し 値を入力して印刷ボタン押下 | X13: 現行システムと同じデータが出力されること | AO13: 45681 | AQ13: 飯高 | AS13: OK
C14: =ROW()-9 -> 5 | H14: 出力種類 | L14: 印刷 | P14: 印刷ボタン押下 | X14: PDFで帳票がDLされること | AF14: ※詳細は「SS0300_仕入日計表_帳票設計書.xlsx」を参照 | AO14: 45681 | AQ14: 飯高 | AS14: OK
C15: =ROW()-9 -> 6 | H15: 動作確認 | L15: 作成日 | P15: 印刷ボタン押下 | X15: 現行システムと同じデータが出力されること | AO15: 45681 | AQ15: 飯高 | AS15: OK
C16: =ROW()-9 -> 7 | L16: 開始仕入先 | P16: 印刷ボタン押下 | X16: 現行システムと同じデータが出力されること | AO16: 45681 | AQ16: 飯高 | AS16: OK
C17: =ROW()-9 -> 8 | L17: 終了仕入先 | P17: 印刷ボタン押下 | X17: 現行システムと同じデータが出力されること | AO17: 45681 | AQ17: 飯高 | AS17: OK
C18: =ROW()-9 -> 9 | L18: 開始日付 | P18: 印刷ボタン押下 | X18: 現行システムと同じデータが出力されること | AO18: 45681 | AQ18: 飯高 | AS18: OK
C19: =ROW()-9 -> 10 | L19: 終了日付 | P19: 印刷ボタン押下 | X19: 現行システムと同じデータが出力されること | AO19: 45681 | AQ19: 飯高 | AS19: OK
C20: =ROW()-9 -> 11 | L20: 仕入先CD | P20: 印刷ボタン押下 | X20: 現行システムと同じデータが出力されること | AO20: 45681 | AQ20: 飯高 | AS20: OK
C21: =ROW()-9 -> 12 | L21: 仕入先名1 | P21: 印刷ボタン押下 | X21: 現行システムと同じデータが出力されること。 | AO21: 45681 | AQ21: 飯高 | AS21: OK
C22: =ROW()-9 -> 13 | L22: 仕入先名2 | P22: 印刷ボタン押下 | X22: 現行システムと同じデータが出力されること。 | AO22: 45681 | AQ22: 飯高 | AS22: OK
C23: =ROW()-9 -> 14 | L23: 仕入日付 | P23: 印刷ボタン押下 | X23: 現行システムと同じデータが出力されること。 | AO23: 45681 | AQ23: 飯高 | AS23: OK
C24: =ROW()-9 -> 15 | L24: 支払日付 | P24: 印刷ボタン押下 | X24: 現行システムと同じデータが出力されること。 | AO24: 45681 | AQ24: 飯高 | AS24: OK
C25: =ROW()-9 -> 16 | L25: 伝票番号 | P25: 印刷ボタン押下 | X25: 現行システムと同じデータが出力されること。 | AO25: 45681 | AQ25: 飯高 | AS25: OK
C26: =ROW()-9 -> 17 | L26: 製品NO | P26: 印刷ボタン押下 | X26: 現行システムと同じデータが出力されること。 | AO26: 45681 | AQ26: 飯高 | AS26: OK
C27: =ROW()-9 -> 18 | L27: 仕様NO | P27: 印刷ボタン押下 | X27: 現行システムと同じデータが出力されること。 | AO27: 45681 | AQ27: 飯高 | AS27: OK
... C42: =ROW()-9 -> 33 | L42: 仕入先計 | P42: 印刷ボタン押下 | X42: 現行システムと同じデータが出力されること。 | AO42: 45681 | AQ42: 飯高 | AS42: OK
C43: =ROW()-9 -> 34 | H43: ページ確認 | L43: 単ページ | P43: 複数ページとならないデータで出力ボタンを押下 | X43: 現行システムと同じデータが出力されること | AO43: 45681 | AQ43: 飯高 | AS43: OK
C44: =ROW()-9 -> 35 | L44: 複数ページ | P44: 複数ページとなるデータで出力ボタンを押下 | X44: 現行システムと同じデータが出力されること | AO44: 45681 | AQ44: 飯高 | AS44: OK

Sheet プレビュー
B2: システム名 | H2: 業務分類 | L2: システム分類 | R2: ドキュメント種別 | X2: ドキュメント名 | AK2: 試験対象 | AX2: 作成日 | BB2: 作成者 | BF2: 更新日 | BJ2: 更新者
B3: =変更履歴!B3 -> 受発注システム | H3: =変更履歴!H3 -> 仕入支払 | L3: =変更履歴!L3 -> 受発注 | R3: =変更履歴!R3 -> 結合試験項目 | X3: =変更履歴!X3 -> 仕入支払_仕入日計表_結合試験項目 | AK3: =変更履歴!AK3 -> 仕入日計表 | AX3: =変更履歴!AX3 -> 45635 | BB3: =変更履歴!BB3 -> 榎本 | BF3: =変更履歴!BF3 -> 45635 | BJ3: =変更履歴!BJ3 -> 榎本
BE7: 件数 | BG7: 合計 | BI7: 終了 | BK7: 残
AO8: １回目 | AU8: 2回目 | BG8: =COUNTA(C10:C44) -> 35 | BI8: =COUNTIF(AS10:AT44,"OK")+COUNTIF(AY10:AZ44,"OK") -> 35 | BK8: =BG8-BI8 -> 0
C9: No. | D9: 大項目 | H9: 中項目 | L9: 小項目 | P9: 確認手順 | X9: 確認観点 | AF9: 補足事項(テスト項目補足、テストデータ等) | AO9: 確認日 | AQ9: 確認者 | AS9: 結果 | AU9: 確認日 | AW9: 確認者 | AY9: 結果 | BA9: 試験結果備考
C10: =ROW()-9 -> 1 | D10: 仕入日計表 | H10: 出力バリエーション | L10: 仕入日付from | P10: 仕入日付(ラジオボタン)を選択し 値を入力してプレビューボタン押下 | X10: 現行システムと同じデータが出力されること | AO10: 45681 | AQ10: 飯高 | AS10: OK
C11: =ROW()-9 -> 2 | L11: 仕入日付to | P11: 仕入日付(ラジオボタン)を選択し 値を入力してプレビューボタン押下 | X11: 現行システムと同じデータが出力されること | AO11: 45681 | AQ11: 飯高 | AS11: OK
C12: =ROW()-9 -> 3 | L12: 支払日付from | P12: 支払日付(ラジオボタン)を選択し 値を入力してプレビューボタン押下 | X12: 現行システムと同じデータが出力されること | AO12: 45681 | AQ12: 飯高 | AS12: OK
C13: =ROW()-9 -> 4 | L13: 支払日付to | P13: 支払日付(ラジオボタン)を選択し 値を入力してプレビューボタン押下 | X13: 現行システムと同じデータが出力されること | AO13: 45681 | AQ13: 飯高 | AS13: OK
C14: =ROW()-9 -> 5 | H14: 出力種類 | L14: プレビュー | P14: プレビューボタン押下 | X14: 現行システムと同じデータが出力されること | AF14: ※詳細は「SS0300_仕入日計表_帳票設計書.xlsx」を参照 | AO14: 45681 | AQ14: 飯高 | AS14: OK
C15: =ROW()-9 -> 6 | H15: 動作確認 | L15: 作成日 | P15: プレビューボタン押下 | X15: 現行システムと同じデータが出力されること | AO15: 45681 | AQ15: 飯高 | AS15: OK
C16: =ROW()-9 -> 7 | L16: 開始仕入先 | P16: プレビューボタン押下 | X16: 現行システムと同じデータが出力されること | AO16: 45681 | AQ16: 飯高 | AS16: OK
C17: =ROW()-9 -> 8 | L17: 終了仕入先 | P17: プレビューボタン押下 | X17: 現行システムと同じデータが出力されること | AO17: 45681 | AQ17: 飯高 | AS17: OK
C18: =ROW()-9 -> 9 | L18: 開始日付 | P18: プレビューボタン押下 | X18: 現行システムと同じデータが出力されること | AO18: 45681 | AQ18: 飯高 | AS18: OK
C19: =ROW()-9 -> 10 | L19: 終了日付 | P19: プレビューボタン押下 | X19: 現行システムと同じデータが出力されること | AO19: 45681 | AQ19: 飯高 | AS19: OK
C20: =ROW()-9 -> 11 | L20: 仕入先CD | P20: プレビューボタン押下 | X20: 現行システムと同じデータが出力されること | AO20: 45681 | AQ20: 飯高 | AS20: OK
C21: =ROW()-9 -> 12 | L21: 仕入先名1 | P21: プレビューボタン押下 | X21: 現行システムと同じデータが出力されること。 | AO21: 45681 | AQ21: 飯高 | AS21: OK
C22: =ROW()-9 -> 13 | L22: 仕入先名2 | P22: プレビューボタン押下 | X22: 現行システムと同じデータが出力されること。 | AO22: 45681 | AQ22: 飯高 | AS22: OK
C23: =ROW()-9 -> 14 | L23: 仕入日付 | P23: プレビューボタン押下 | X23: 現行システムと同じデータが出力されること。 | AO23: 45681 | AQ23: 飯高 | AS23: OK
C24: =ROW()-9 -> 15 | L24: 支払日付 | P24: プレビューボタン押下 | X24: 現行システムと同じデータが出力されること。 | AO24: 45681 | AQ24: 飯高 | AS24: OK
C25: =ROW()-9 -> 16 | L25: 伝票番号 | P25: プレビューボタン押下 | X25: 現行システムと同じデータが出力されること。 | AO25: 45681 | AQ25: 飯高 | AS25: OK
C26: =ROW()-9 -> 17 | L26: 製品NO | P26: プレビューボタン押下 | X26: 現行システムと同じデータが出力されること。 | AO26: 45681 | AQ26: 飯高 | AS26: OK
C27: =ROW()-9 -> 18 | L27: 仕様NO | P27: プレビューボタン押下 | X27: 現行システムと同じデータが出力されること。 | AO27: 45681 | AQ27: 飯高 | AS27: OK
... C42: =ROW()-9 -> 33 | L42: 仕入先計 | P42: プレビューボタン押下 | X42: 現行システムと同じデータが出力されること。 | AO42: 45681 | AQ42: 飯高 | AS42: OK
C43: =ROW()-9 -> 34 | H43: ページ確認 | L43: 単ページ | P43: 複数ページとならないデータでプレビューボタンを押下 | X43: 現行システムと同じデータが出力されること | AO43: 45681 | AQ43: 飯高 | AS43: OK
C44: =ROW()-9 -> 35 | L44: 複数ページ | P44: 複数ページとなるデータでプレビューボタンを押下 | X44: 現行システムと同じデータが出力されること | AO44: 45681 | AQ44: 飯高 | AS44: OK

Sheet 参照
A1: ラベル
A2: インプット
A3: ボタン
A4: ラジオ
