Workbook

Sheet 変更履歴
B2: システム名 | H2: 試験ID | L2: 業務分類 | R2: ドキュメント種別 | X2: ドキュメント名 | AK2: 試験対象 | AX2: 作成日 | BB2: 作成者 | BF2: 更新日 | BJ2: 更新者
B3: 受発注システム | H3: =LEFT($X$3,FIND("_",$X$3)-1) -> 経費 | L3: 運用自動化 | R3: =MID($X$3,FIND("_",$X$3,FIND("_",$X$3)+1)+1,LEN($X$3)-FIND("_",$X$3,FIND("_",$X$3)+1)) -> 結合試験項目 | X3: =REPLACE(LEFT(CELL("filename",$B$2),FIND(".x",CELL("filename",$B$2))-1),1,FIND("[",CELL("filename",$B$2)),) -> 経費_経費取込処理_結合試験項目 | AK3: =MID($X$3,FIND("_",$X$3)+1,FIND("_",$X$3,FIND("_",$X$3)+1)-FIND("_",$X$3)-1) -> 経費取込処理 | AX3: 45628 | BB3: 児玉 | BF3: 45628 | BJ3: 児玉
C7: 変更履歴
C8: 日付 | G8: 版数 | K8: 担当 | O8: 変更箇所 | Y8: 内容
C9: 45628 | G9: 1.0.0 | O9: - | Y9: 新規作成

Sheet 画面
B2: システム名 | H2: 業務分類 | L2: システム分類 | R2: ドキュメント種別 | X2: ドキュメント名 | AK2: 試験対象 | AX2: 作成日 | BB2: 作成者 | BF2: 更新日 | BJ2: 更新者
B3: =変更履歴!B3 -> 受発注システム | H3: =変更履歴!H3 -> 経費 | L3: =変更履歴!L3 -> 運用自動化 | R3: =変更履歴!R3 -> 結合試験項目 | X3: =変更履歴!X3 -> 経費_経費取込処理_結合試験項目 | AK3: =変更履歴!AK3 -> 経費取込処理 | AX3: =変更履歴!AX3 -> 45628 | BB3: =変更履歴!BB3 -> 児玉 | BF3: =変更履歴!BF3 -> 45628 | BJ3: =変更履歴!BJ3 -> 児玉
BE7: 件数 | BG7: 合計 | BI7: 終了 | BK7: 残
AO8: １回目 | AU8: 2回目 | BG8: =COUNTA(C10:C21) -> 12 | BI8: =COUNTIF(AS10:AT21,"OK")+COUNTIF(AY10:AZ21,"OK") -> 12 | BK8: =BG8-BI8 -> 0
C9: No. | D9: 大項目 | H9: 中項目 | L9: 小項目 | P9: 確認手順 | X9: 確認観点 | AF9: 補足事項(テスト項目補足、テストデータ等) | AO9: 確認日 | AQ9: 確認者 | AS9: 結果 | AU9: 確認日 | AW9: 確認者 | AY9: 結果 | BA9: 試験結果備考
C10: =ROW()-9 -> 1 | D10: 画面 | H10: 初期表示 | L10: 処理区分 | P10: メニューより経費取込処理を起動する | X10: ラジオボタンが活性、かつ、「チェックのみ」が選択されている状態 | AO10: 45674 | AQ10: 飯高 | AS10: OK
C11: =ROW()-9 -> 2 | L11: リスト出力 | P11: メニューより経費取込処理を起動する | X11: ラジオボタンが活性、かつ、「する」が選択されている状態 | AO11: 45674 | AQ11: 飯高 | AS11: OK
C12: =ROW()-9 -> 3 | L12: 取込先 | P12: メニューより経費取込処理を起動する | X12: 入力項目が活性かつ、空欄であること | AO12: 45674 | AQ12: 飯高 | AS12: OK
C13: =ROW()-9 -> 4 | L13: 削除日付 | P13: メニューより経費取込処理を起動する | X13: 入力項目が活性かつ、空欄であること | AO13: 45674 | AQ13: 飯高 | AS13: OK
C14: =ROW()-9 -> 5 | H14: 動作確認 | L14: 実行ボタン | P14: リスト出力「する」を選択して実行を押下 | X14: PDF形式の帳票が出力されること | AO14: 45674 | AQ14: 飯高 | AS14: OK
C15: =ROW()-9 -> 6 | P15: 取込先に指定したファイルが不整合の状態で、リスト出力「する」を選択して実行を押下 | X15: PDF形式のエラーリストが出力されること | AO15: 45674 | AQ15: 飯高 | AS15: OK
C16: =ROW()-9 -> 7 | L16: 終了ボタン | P16: 終了ボタンを押下する | X16: 終了の確認メッセージが表示されること | AO16: 45674 | AQ16: 飯高 | AS16: OK
C17: =ROW()-9 -> 8 | L17: 削除ボタン | P17: 削除日付が正確に入力された状態で削除ボタンを押下する | X17: 削除日付に指定した経費日付のデータが経費テーブルおよび経費明細テーブルから削除されること | AO17: 45674 | AQ17: 飯高 | AS17: OK
C18: =ROW()-9 -> 9 | H18: エラー確認 | L18: 削除日付(From) | P18: 年月日の値が空の状態で削除ボタンを押下する | X18: エラーメッセージが表示されること | AO18: 45674 | AQ18: 飯高 | AS18: OK
C19: =ROW()-9 -> 10 | L19: 削除日付(To) | P19: 年月日の値が空の状態で削除ボタンを押下する | X19: エラーメッセージが表示されること | AO19: 45674 | AQ19: 飯高 | AS19: OK
C20: =ROW()-9 -> 11 | L20: 削除日付 | P20: Fromの値がToの値より大きい場合に削除ボタンを押下する | X20: エラーメッセージが表示されること | AO20: 45674 | AQ20: 飯高 | AS20: OK
C21: =ROW()-9 -> 12 | L21: 取込先 | P21: 形式が不十分なファイルを選択し実行ボタンを押下する | X21: メッセージが出力され、実行されないこと | AO21: 45674 | AQ21: 飯高 | AS21: OK

Sheet 帳票(PDF)
B2: システム名 | H2: 業務分類 | L2: システム分類 | R2: ドキュメント種別 | X2: ドキュメント名 | AK2: 試験対象 | AX2: 作成日 | BB2: 作成者 | BF2: 更新日 | BJ2: 更新者
B3: =変更履歴!B3 -> 受発注システム | H3: =変更履歴!H3 -> 経費 | L3: =変更履歴!L3 -> 運用自動化 | R3: =変更履歴!R3 -> 結合試験項目 | X3: =変更履歴!X3 -> 経費_経費取込処理_結合試験項目 | AK3: =変更履歴!AK3 -> 経費取込処理 | AX3: =変更履歴!AX3 -> 45628 | BB3: =変更履歴!BB3 -> 児玉 | BF3: =変更履歴!BF3 -> 45628 | BJ3: =変更履歴!BJ3 -> 児玉
BE7: 件数 | BG7: 合計 | BI7: 終了 | BK7: 残
AO8: １回目 | AU8: 2回目 | BG8: =COUNTA(C10:C26) -> 17 | BI8: =COUNTIF(AS10:AT26,"OK")+COUNTIF(AY10:AZ26,"OK") -> 17 | BK8: =BG8-BI8 -> 0
C9: No. | D9: 大項目 | H9: 中項目 | L9: 小項目 | P9: 確認手順 | X9: 確認観点 | AF9: 補足事項(テスト項目補足、テストデータ等) | AO9: 確認日 | AQ9: 確認者 | AS9: 結果 | AU9: 確認日 | AW9: 確認者 | AY9: 結果 | BA9: 試験結果備考
C10: =ROW()-9 -> 1 | D10: 帳票(PDF) | H10: 出力バリエーション | L10: 処理区分・リスト出力 | P10: 処理区分「チェックのみ」、リスト出力「する」を選択して実行を押下 | X10: 現行システムと同じデータが出力されること | AO10: 45674 | AQ10: 飯高 | AS10: NG | AU10: 45705 | AW10: 大谷 | AY10: OK | BA10: 取込はできるが、チェックにするとメッセージが表示される。 登録されていないメッセージコードです: SUCCESS_CHECK
C11: =ROW()-9 -> 2 | P11: 処理区分「チェックのみ」、リスト出力「しない」を選択して実行を押下 | X11: 帳票が出力されないこと | AO11: 45674 | AQ11: 飯高 | AS11: NG | AU11: 45705 | AW11: 大谷 | AY11: OK | BA11: 取込はできるが、チェックにするとメッセージが表示される。 登録されていないメッセージコードです: SUCCESS_CHECK
C12: =ROW()-9 -> 3 | P12: 処理区分「取込」、リスト出力「する」を選択して実行を押下 | X12: 現行システムと同じデータが出力されること | AO12: 45674 | AQ12: 飯高 | AS12: OK
C13: =ROW()-9 -> 4 | P13: 処理区分「取込」、リスト出力「しない」を選択して実行を押下 | X13: 帳票が出力されないこと | AO13: 45674 | AQ13: 飯高 | AS13: OK
C14: =ROW()-9 -> 5 | H14: 出力種類 | L14: 実行ボタン | P14: 実行ボタンを押下 | X14: PDF形式で出力されること | AO14: 45674 | AQ14: 飯高 | AS14: OK
C15: =ROW()-9 -> 6 | H15: 出力内容 | L15: 作成日 | P15: 実行ボタンを押下 | X15: 現行システムと同じデータが出力されること | AF15: 詳細情報 KH0300_経費データ取込リスト_帳票設計書.xlsx | AO15: 45674 | AQ15: 飯高 | AS15: OK
C16: =ROW()-9 -> 7 | L16: 日付 | P16: 実行ボタンを押下 | X16: 現行システムと同じデータが出力されること | AO16: 45674 | AQ16: 飯高 | AS16: OK
C17: =ROW()-9 -> 8 | L17: 科目CD | P17: 実行ボタンを押下 | X17: 現行システムと同じデータが出力されること | AO17: 45674 | AQ17: 飯高 | AS17: OK
C18: =ROW()-9 -> 9 | L18: 補助CD | P18: 実行ボタンを押下 | X18: 現行システムと同じデータが出力されること | AO18: 45674 | AQ18: 飯高 | AS18: OK
C19: =ROW()-9 -> 10 | L19: 科目名 | P19: 実行ボタンを押下 | X19: 現行システムと同じデータが出力されること | AO19: 45674 | AQ19: 飯高 | AS19: OK
C20: =ROW()-9 -> 11 | L20: 金額 | P20: 実行ボタンを押下 | X20: 現行システムと同じデータが出力されること | AO20: 45674 | AQ20: 飯高 | AS20: OK
C21: =ROW()-9 -> 12 | L21: 消費税 | P21: 実行ボタンを押下 | X21: 現行システムと同じデータが出力されること | AO21: 45674 | AQ21: 飯高 | AS21: NG | AU21: 45705 | AW21: 大谷 | AY21: OK | BA21: 空欄
C22: =ROW()-9 -> 13 | L22: 担当者CD | P22: 実行ボタンを押下 | X22: 現行システムと同じデータが出力されること | AO22: 45674 | AQ22: 飯高 | AS22: NG | AU22: 45705 | AW22: 大谷 | AY22: OK | BA22: 空欄
C23: =ROW()-9 -> 14 | L23: 担当者名 | P23: 実行ボタンを押下 | X23: 現行システムと同じデータが出力されること | AO23: 45674 | AQ23: 飯高 | AS23: NG | AU23: 45705 | AW23: 大谷 | AY23: OK | BA23: 空欄
C24: =ROW()-9 -> 15 | L24: 摘要 | P24: 実行ボタンを押下 | X24: 現行システムと同じデータが出力されること | AO24: 45674 | AQ24: 飯高 | AS24: OK
C25: =ROW()-9 -> 16 | H25: ページ確認 | L25: 単ページ | P25: 複数ページとならないデータで出力ボタンを押下 | X25: 現行システムと同じデータが出力されること | AO25: 45674 | AQ25: 飯高 | AS25: OK
C26: =ROW()-9 -> 17 | L26: 複数ページ | P26: 複数ページとなるデータで出力ボタンを押下 | X26: 現行システムと同じデータが出力されること | AO26: 45674 | AQ26: 飯高 | AS26: NG | AU26: 45705 | AW26: 大谷 | AY26: OK | BA26: データを増やすとエラーが出る

Sheet 帳票(インポート)
B2: システム名 | H2: 業務分類 | L2: システム分類 | R2: ドキュメント種別 | X2: ドキュメント名 | AK2: 試験対象 | AX2: 作成日 | BB2: 作成者 | BF2: 更新日 | BJ2: 更新者
B3: =変更履歴!B3 -> 受発注システム | H3: =変更履歴!H3 -> 経費 | L3: =変更履歴!L3 -> 運用自動化 | R3: =変更履歴!R3 -> 結合試験項目 | X3: =変更履歴!X3 -> 経費_経費取込処理_結合試験項目 | AK3: =変更履歴!AK3 -> 経費取込処理 | AX3: =変更履歴!AX3 -> 45628 | BB3: =変更履歴!BB3 -> 児玉 | BF3: =変更履歴!BF3 -> 45628 | BJ3: =変更履歴!BJ3 -> 児玉
BE7: 件数 | BG7: 合計 | BI7: 終了 | BK7: 残
AO8: １回目 | AU8: 2回目 | BG8: =COUNTA(C10:C32) -> 23 | BI8: =COUNTIF(AS10:AT32,"OK")+COUNTIF(AY10:AZ32,"OK") -> 23 | BK8: =BG8-BI8 -> 0
C9: No. | D9: 大項目 | H9: 中項目 | L9: 小項目 | P9: 確認手順 | X9: 確認観点 | AF9: 補足事項(テスト項目補足、テストデータ等) | AO9: 確認日 | AQ9: 確認者 | AS9: 結果 | AU9: 確認日 | AW9: 確認者 | AY9: 結果 | BA9: 試験結果備考
C10: =ROW()-9 -> 1 | D10: 帳票(インポート) | H10: 出力バリエーション | L10: 処理区分・リスト出力 | P10: 処理区分「チェックのみ」、リスト出力「する」を選択して実行を押下 | X10: [TD経費][TD明細]にデータが作成されない | AO10: 45674 | AQ10: 飯高 | AS10: OK
C11: =ROW()-9 -> 2 | P11: 処理区分「チェックのみ」、リスト出力「しない」を選択して実行を押下 | X11: [TD経費][TD明細]にデータが作成されない | AO11: 45674 | AQ11: 飯高 | AS11: OK
C12: =ROW()-9 -> 3 | P12: 処理区分「取込」、リスト出力「する」を選択して実行を押下 | X12: [TD経費][TD明細]にデータが作成されること | AO12: 45674 | AQ12: 飯高 | AS12: OK
C13: =ROW()-9 -> 4 | P13: 処理区分「取込」、リスト出力「しない」を選択して実行を押下 | X13: [TD経費][TD明細]にデータが作成されること | AO13: 45674 | AQ13: 飯高 | AS13: OK
C14: =ROW()-9 -> 5 | H14: 出力種類 | L14: 実行ボタン | P14: 設計書に記載されたフォーマットで作成したデータを取り込先に指定して、実行ボタンを押下 | AF14: 詳細情報 KH0300_経費データ仕訳TXT_インポート_帳票設計書.xlsx | AO14: 45674 | AQ14: 飯高 | AS14: OK
C15: =ROW()-9 -> 6 | H15: 出力内容 | L15: 経費番号 | P15: 実行ボタンを押下 | X15: [TD経費][TD明細]にデータが作成されること | AO15: 45674 | AQ15: 飯高 | AS15: OK
C16: =ROW()-9 -> 7 | L16: 経費日付 | P16: 実行ボタンを押下 | X16: [TD経費][TD明細]にデータが作成されること | AO16: 45674 | AQ16: 飯高 | AS16: OK
C17: =ROW()-9 -> 8 | L17: 初期登録日 | P17: 実行ボタンを押下 | X17: [TD経費][TD明細]にデータが作成されること | AO17: 45674 | AQ17: 飯高 | AS17: OK
C18: =ROW()-9 -> 9 | L18: 登録変更日 | P18: 実行ボタンを押下 | X18: [TD経費][TD明細]にデータが作成されること | AO18: 45674 | AQ18: 飯高 | AS18: OK
C19: =ROW()-9 -> 10 | L19: 経費番号 | P19: 実行ボタンを押下 | X19: [TD経費][TD明細]にデータが作成されること | AO19: 45674 | AQ19: 飯高 | AS19: OK
C20: =ROW()-9 -> 11 | L20: 枝番 | P20: 実行ボタンを押下 | X20: [TD経費][TD明細]にデータが作成されること | AO20: 45674 | AQ20: 飯高 | AS20: OK
C21: =ROW()-9 -> 12 | L21: 科目CD | P21: 実行ボタンを押下 | X21: [TD経費][TD明細]にデータが作成されること | AO21: 45674 | AQ21: 飯高 | AS21: OK
C22: =ROW()-9 -> 13 | L22: 科目名 | P22: 実行ボタンを押下 | X22: [TD経費][TD明細]にデータが作成されること | AO22: 45674 | AQ22: 飯高 | AS22: OK
C23: =ROW()-9 -> 14 | L23: 金額 | P23: 実行ボタンを押下 | X23: [TD経費][TD明細]にデータが作成されること | AO23: 45674 | AQ23: 飯高 | AS23: OK
C24: =ROW()-9 -> 15 | L24: 担当者CD | P24: 実行ボタンを押下 | X24: [TD経費][TD明細]にデータが作成されること | AO24: 45674 | AQ24: 飯高 | AS24: OK
C25: =ROW()-9 -> 16 | L25: 担当者名 | P25: 実行ボタンを押下 | X25: [TD経費][TD明細]にデータが作成されること | AO25: 45674 | AQ25: 飯高 | AS25: NG | AU25: 45705 | AW25: 大谷 | AY25: OK | BA25: 空欄になっている
C26: =ROW()-9 -> 17 | L26: 購入先名 | P26: 実行ボタンを押下 | X26: [TD経費][TD明細]にデータが作成されること | AO26: 45674 | AQ26: 飯高 | AS26: NG | AU26: 45705 | AW26: 大谷 | AY26: OK | BA26: 空欄になっている
C27: =ROW()-9 -> 18 | L27: 科目摘要cd | P27: 実行ボタンを押下 | X27: [TD経費][TD明細]にデータが作成されること | AO27: 45674 | AQ27: 飯高 | AS27: NG | AU27: 45705 | AW27: 大谷 | AY27: OK | BA27: NULLになっている
C28: =ROW()-9 -> 19 | L28: 科目摘要名 | P28: 実行ボタンを押下 | X28: [TD経費][TD明細]にデータが作成されること | AO28: 45674 | AQ28: 飯高 | AS28: OK
C29: =ROW()-9 -> 20 | L29: 初期登録日 | P29: 実行ボタンを押下 | X29: [TD経費][TD明細]にデータが作成されること | AO29: 45674 | AQ29: 飯高 | AS29: OK
C30: =ROW()-9 -> 21 | L30: 登録変更日 | P30: 実行ボタンを押下 | X30: [TD経費][TD明細]にデータが作成されること | AO30: 45674 | AQ30: 飯高 | AS30: OK
C31: =ROW()-9 -> 22 | L31: 消費税額 | P31: 実行ボタンを押下 | X31: [TD経費][TD明細]にデータが作成されること | AO31: 45674 | AQ31: 飯高 | AS31: OK
C32: =ROW()-9 -> 23 | L32: 補助CD | P32: 実行ボタンを押下 | X32: [TD経費][TD明細]にデータが作成されること | AO32: 45674 | AQ32: 飯高 | AS32: OK

Sheet 帳票(エラーリスト)
B2: システム名 | H2: 業務分類 | L2: システム分類 | R2: ドキュメント種別 | X2: ドキュメント名 | AK2: 試験対象 | AX2: 作成日 | BB2: 作成者 | BF2: 更新日 | BJ2: 更新者
B3: =変更履歴!B3 -> 受発注システム | H3: =変更履歴!H3 -> 経費 | L3: =変更履歴!L3 -> 運用自動化 | R3: =変更履歴!R3 -> 結合試験項目 | X3: =変更履歴!X3 -> 経費_経費取込処理_結合試験項目 | AK3: =変更履歴!AK3 -> 経費取込処理 | AX3: =変更履歴!AX3 -> 45628 | BB3: =変更履歴!BB3 -> 児玉 | BF3: =変更履歴!BF3 -> 45628 | BJ3: =変更履歴!BJ3 -> 児玉
BE7: 件数 | BG7: 合計 | BI7: 終了 | BK7: 残
AO8: １回目 | AU8: 2回目 | BG8: =COUNTA(C10:C23) -> 14 | BI8: =COUNTIF(AS10:AT23,"OK")+COUNTIF(AY10:AZ23,"OK") -> 14 | BK8: =BG8-BI8 -> 0
C9: No. | D9: 大項目 | H9: 中項目 | L9: 小項目 | P9: 確認手順 | X9: 確認観点 | AF9: 補足事項(テスト項目補足、テストデータ等) | AO9: 確認日 | AQ9: 確認者 | AS9: 結果 | AU9: 確認日 | AW9: 確認者 | AY9: 結果 | BA9: 試験結果備考
C10: =ROW()-9 -> 1 | D10: 帳票(エラーリスト) | H10: 出力バリエーション | L10: 処理区分・リスト出力 | P10: 処理区分「チェックする」、リスト出力「する」を選択して実行を押下 | X10: 現行システムと同じデータが出力されること | AF10: 取込先に指定したファイルが不整合の状態である状態で実行を押下すること | AO10: 45674 | AQ10: 飯高 | AS10: NG | AU10: 45705 | AW10: 大谷 | AY10: OK | BA10: すべて空欄のまま出力される
C11: =ROW()-9 -> 2 | P11: 処理区分「チェックする」、リスト出力「しない」を選択して実行を押下 | X11: 帳票が出力されないこと | AF11: 取込先に指定したファイルが不整合の状態である状態で実行を押下すること | AO11: 45674 | AQ11: 飯高 | AS11: NG | AU11: 45705 | AW11: 大谷 | AY11: OK
C12: =ROW()-9 -> 3 | P12: 処理区分「取込」、リスト出力「する」を選択して実行を押下 | X12: 現行システムと同じデータが出力されること | AF12: 取込先に指定したファイルが不整合の状態である状態で実行を押下すること | AO12: 45674 | AQ12: 飯高 | AS12: NG | AU12: 45705 | AW12: 大谷 | AY12: OK
C13: =ROW()-9 -> 4 | P13: 処理区分「取込」、リスト出力「しない」を選択して実行を押下 | X13: 帳票が出力されないこと | AF13: 取込先に指定したファイルが不整合の状態である状態で実行を押下すること | AO13: 45674 | AQ13: 飯高 | AS13: NG | AU13: 45705 | AW13: 大谷 | AY13: OK
C14: =ROW()-9 -> 5 | H14: 出力種類 | L14: 実行ボタン | P14: 実行ボタンを押下 | X14: PDF形式で出力されること | AO14: 45674 | AQ14: 飯高 | AS14: NG | AU14: 45705 | AW14: 大谷 | AY14: OK
C15: =ROW()-9 -> 6 | H15: 出力内容 | L15: 作成日 | P15: 実行ボタンを押下 | X15: 現行システムと同じデータが出力されること | AF15: 詳細情報 KH0400_経費データ取込エラーリスト_帳票設計書.xlsx | AO15: 45674 | AQ15: 飯高 | AS15: NG | AU15: 45705 | AW15: 大谷 | AY15: OK
C16: =ROW()-9 -> 7 | L16: 日付 | P16: 実行ボタンを押下 | X16: 現行システムと同じデータが出力されること | AO16: 45674 | AQ16: 飯高 | AS16: NG | AU16: 45705 | AW16: 大谷 | AY16: OK
C17: =ROW()-9 -> 8 | L17: 貸方科目CD | P17: 実行ボタンを押下 | X17: 現行システムと同じデータが出力されること | AO17: 45674 | AQ17: 飯高 | AS17: NG | AU17: 45705 | AW17: 大谷 | AY17: OK
C18: =ROW()-9 -> 9 | L18: 補助科目CD | P18: 実行ボタンを押下 | X18: 現行システムと同じデータが出力されること | AO18: 45674 | AQ18: 飯高 | AS18: NG | AU18: 45705 | AW18: 大谷 | AY18: OK
C19: =ROW()-9 -> 10 | L19: 金額 | P19: 実行ボタンを押下 | X19: 現行システムと同じデータが出力されること | AO19: 45674 | AQ19: 飯高 | AS19: NG | AU19: 45705 | AW19: 大谷 | AY19: OK
C20: =ROW()-9 -> 11 | L20: 消費税 | P20: 実行ボタンを押下 | X20: 現行システムと同じデータが出力されること | AO20: 45674 | AQ20: 飯高 | AS20: NG | AU20: 45705 | AW20: 大谷 | AY20: OK
C21: =ROW()-9 -> 12 | L21: 摘要 | P21: 実行ボタンを押下 | X21: 現行システムと同じデータが出力されること | AO21: 45674 | AQ21: 飯高 | AS21: NG | AU21: 45705 | AW21: 大谷 | AY21: OK
C22: =ROW()-9 -> 13 | H22: ページ確認 | L22: 単ページ | P22: 複数ページとならないデータで出力ボタンを押下 | X22: 現行システムと同じデータが出力されること | AO22: 45674 | AQ22: 飯高 | AS22: NG | AU22: 45705 | AW22: 大谷 | AY22: OK
C23: =ROW()-9 -> 14 | L23: 複数ページ | P23: 複数ページとなるデータで出力ボタンを押下 | X23: 現行システムと同じデータが出力されること | AO23: 45674 | AQ23: 飯高 | AS23: NG | AU23: 45705 | AW23: 大谷 | AY23: OK

Sheet 参照
A1: ラベル
A2: インプット
A3: ボタン
A4: ラジオ
