Workbook

Sheet 変更履歴
B2: システム名 | H2: 業務分類 | L2: システム分類 | R2: ドキュメント種別 | X2: ドキュメント名 | AK2: 試験対象 | AX2: 作成日 | BB2: 作成者 | BF2: 更新日 | BJ2: 更新者
B3: 受発注システム | H3: =LEFT($X$3,FIND("_",$X$3)-1) -> 統計 | L3: 受発注 | R3: =MID($X$3,FIND("_",$X$3,FIND("_",$X$3)+1)+1,LEN($X$3)-FIND("_",$X$3,FIND("_",$X$3)+1)) -> 結合試験項目 | X3: =REPLACE(LEFT(CELL("filename",$B$2),FIND(".x",CELL("filename",$B$2))-1),1,FIND("[",CELL("filename",$B$2)),) -> 統計_仕入先別年間仕入順位推移表_結合試験項目 | AK3: =MID($X$3,FIND("_",$X$3)+1,FIND("_",$X$3,FIND("_",$X$3)+1)-FIND("_",$X$3)-1) -> 仕入先別年間仕入順位推移表 | AX3: 45636 | BB3: 榎本 | BF3: 45636 | BJ3: 榎本
C7: 変更履歴
C8: 日付 | G8: 版数 | K8: 担当 | O8: 変更箇所 | Y8: 内容
C9: 45636 | G9: 1.0.0 | O9: - | Y9: 新規作成

Sheet 画面
B2: システム名 | H2: 業務分類 | L2: システム分類 | R2: ドキュメント種別 | X2: ドキュメント名 | AK2: 試験対象 | AX2: 作成日 | BB2: 作成者 | BF2: 更新日 | BJ2: 更新者
B3: =変更履歴!B3 -> 受発注システム | H3: =変更履歴!H3 -> 統計 | L3: =変更履歴!L3 -> 受発注 | R3: =変更履歴!R3 -> 結合試験項目 | X3: =変更履歴!X3 -> 統計_仕入先別年間仕入順位推移表_結合試験項目 | AK3: =変更履歴!AK3 -> 仕入先別年間仕入順位推移表 | AX3: =変更履歴!AX3 -> 45636 | BB3: =変更履歴!BB3 -> 榎本 | BF3: =変更履歴!BF3 -> 45636 | BJ3: =変更履歴!BJ3 -> 榎本
BE7: 件数 | BG7: 合計 | BI7: 終了 | BK7: 残
AO8: １回目 | AU8: 2回目 | BG8: =COUNTA(C10:C15) -> 6 | BI8: =COUNTIF(AS10:AT15,"OK")+COUNTIF(AY10:AZ15,"OK") -> 6 | BK8: =BG8-BI8 -> 0
C9: No. | D9: 大項目 | H9: 中項目 | L9: 小項目 | P9: 確認手順 | X9: 確認観点 | AF9: 補足事項(テスト項目補足、テストデータ等) | AO9: 確認日 | AQ9: 確認者 | AS9: 結果 | AU9: 確認日 | AW9: 確認者 | AY9: 結果 | BA9: 試験結果備考
C10: =ROW()-9 -> 1 | D10: 画面 | H10: 初期表示 | L10: 集計年(from) | P10: メニューより仕入先別年間仕入順位推移表を起動する | X10: 入力欄が活性、かつ空欄であること。 | AO10: 45673 | AQ10: 飯高 | AS10: OK
C11: =ROW()-9 -> 2 | L11: 集計年(to) | P11: メニューより仕入先別年間仕入順位推移表を起動する | X11: 入力欄が活性、かつ空欄であること。 | AO11: 45673 | AQ11: 飯高 | AS11: OK
C12: =ROW()-9 -> 3 | H12: 動作確認 | L12: 出力 | P12: 出力ボタンを押下する | X12: 現行システムと同じデータがExcelで出力されること。 | AO12: 45673 | AQ12: 飯高 | AS12: OK
C13: =ROW()-9 -> 4 | L13: 終了 | P13: 終了ボタンを押下する | X13: ダイアログが閉じること | AO13: 45673 | AQ13: 飯高 | AS13: OK
C14: =ROW()-9 -> 5 | H14: エラー確認 | L14: 集計年(from) | P14: 未入力で出力ボタンを押下する。 | X14: エラーメッセージが出力され、帳票が出力されないこと | AO14: 45673 | AQ14: 飯高 | AS14: NG | AU14: 45695 | AW14: 飯高 | AY14: OK
C15: =ROW()-9 -> 6 | L15: 集計年(to) | P15: 未入力で出力ボタンを押下する。 | X15: エラーメッセージが出力され、帳票が出力されないこと | AO15: 45673 | AQ15: 飯高 | AS15: NG | AU15: 45695 | AW15: 飯高 | AY15: OK

Sheet 帳票
B2: システム名 | H2: 業務分類 | L2: システム分類 | R2: ドキュメント種別 | X2: ドキュメント名 | AK2: 試験対象 | AX2: 作成日 | BB2: 作成者 | BF2: 更新日 | BJ2: 更新者
B3: =変更履歴!B3 -> 受発注システム | H3: =変更履歴!H3 -> 統計 | L3: =変更履歴!L3 -> 受発注 | R3: =変更履歴!R3 -> 結合試験項目 | X3: =変更履歴!X3 -> 統計_仕入先別年間仕入順位推移表_結合試験項目 | AK3: =変更履歴!AK3 -> 仕入先別年間仕入順位推移表 | AX3: =変更履歴!AX3 -> 45636 | BB3: =変更履歴!BB3 -> 榎本 | BF3: =変更履歴!BF3 -> 45636 | BJ3: =変更履歴!BJ3 -> 榎本
BE7: 件数 | BG7: 合計 | BI7: 終了 | BK7: 残
AO8: １回目 | AU8: 2回目 | BG8: =COUNTA(C10:C27) -> 18 | BI8: =COUNTIF(AS10:AT27,"OK")+COUNTIF(AY10:AZ27,"OK") -> 18 | BK8: =BG8-BI8 -> 0
C9: No. | D9: 大項目 | H9: 中項目 | L9: 小項目 | P9: 確認手順 | X9: 確認観点 | AF9: 補足事項(テスト項目補足、テストデータ等) | AO9: 確認日 | AQ9: 確認者 | AS9: 結果 | AU9: 確認日 | AW9: 確認者 | AY9: 結果 | BA9: 試験結果備考
C10: =ROW()-9 -> 1 | D10: 帳票 | H10: 出力種類 | L10: 出力 | P10: 出力ボタン押下 | X10: Excelで帳票がDLされること | AF10: ※詳細は「TK0200_仕入別年間仕入順位推移表_帳票設計書」を参照 | AO10: 45673 | AQ10: 飯高 | AS10: OK
C11: =ROW()-9 -> 2 | H11: 動作確認 | L11: 期間from | P11: 出力ボタン押下 | X11: 現行システムと同じデータが出力されること | AO11: 45673 | AQ11: 飯高 | AS11: OK
C12: =ROW()-9 -> 3 | L12: 期間to | P12: 出力ボタン押下 | X12: 現行システムと同じデータが出力されること | AO12: 45673 | AQ12: 飯高 | AS12: OK
C13: =ROW()-9 -> 4 | L13: 集計年 | P13: 出力ボタン押下 | X13: 現行システムと同じデータが出力されること | AO13: 45673 | AQ13: 飯高 | AS13: OK
C14: =ROW()-9 -> 5 | L14: 売上金額合計 | P14: 出力ボタン押下 | X14: 現行システムと同じデータが出力されること | AO14: 45673 | AQ14: 飯高 | AS14: OK
C15: =ROW()-9 -> 6 | L15: 原価率合計 | P15: 出力ボタン押下 | X15: 現行システムと同じデータが出力されること | AO15: 45673 | AQ15: 飯高 | AS15: OK
C16: =ROW()-9 -> 7 | L16: 純仕入金額合計 | P16: 出力ボタン押下 | X16: 現行システムと同じデータが出力されること | AO16: 45673 | AQ16: 飯高 | AS16: OK
C17: =ROW()-9 -> 8 | L17: 仕入先CD | P17: 出力ボタン押下 | X17: 現行システムと同じデータが出力されること | AO17: 45673 | AQ17: 飯高 | AS17: OK
C18: =ROW()-9 -> 9 | L18: 仕入先名1 | P18: 出力ボタン押下 | X18: 現行システムと同じデータが出力されること | AO18: 45673 | AQ18: 飯高 | AS18: OK
C19: =ROW()-9 -> 10 | L19: 仕入先名2 | P19: 出力ボタン押下 | X19: 現行システムと同じデータが出力されること | AO19: 45673 | AQ19: 飯高 | AS19: OK
C20: =ROW()-9 -> 11 | L20: 順位 | P20: 出力ボタン押下 | X20: 現行システムと同じデータが出力されること | AO20: 45673 | AQ20: 飯高 | AS20: OK
C21: =ROW()-9 -> 12 | L21: 前対比 | P21: 出力ボタン押下 | X21: 現行システムと同じデータが出力されること | AO21: 45673 | AQ21: 飯高 | AS21: OK
C22: =ROW()-9 -> 13 | L22: 売上金額 | P22: 出力ボタン押下 | X22: 現行システムと同じデータが出力されること | AO22: 45673 | AQ22: 飯高 | AS22: OK
C23: =ROW()-9 -> 14 | L23: 原価率 | P23: 出力ボタン押下 | X23: 現行システムと同じデータが出力されること | AO23: 45673 | AQ23: 飯高 | AS23: OK
... C25: =ROW()-9 -> 16 | L25: パーセント | P25: 出力ボタン押下 | X25: 現行システムと同じデータが出力されること | AO25: 45673 | AQ25: 飯高 | AS25: OK
C26: =ROW()-9 -> 17 | H26: ページ確認 | L26: 単ページ | P26: 複数ページとならないデータで出力ボタンを押下 | X26: 現行システムと同じデータが出力されること | AO26: 45673 | AQ26: 飯高 | AS26: OK
C27: =ROW()-9 -> 18 | L27: 複数ページ | P27: 複数ページとなるデータで出力ボタンを押下 | X27: 現行システムと同じデータが出力されること | AO27: 45673 | AQ27: 飯高 | AS27: OK

Sheet 参照
A1: ラベル
A2: インプット
A3: ボタン
A4: ラジオ
