Workbook

Sheet 変更履歴
B2: システム名 | H2: 業務分類 | L2: システム分類 | R2: ドキュメント種別 | X2: ドキュメント名 | AK2: 試験対象 | AX2: 作成日 | BB2: 作成者 | BF2: 更新日 | BJ2: 更新者
B3: 受発注システム | H3: =LEFT($X$3,FIND("_",$X$3)-1) -> 請求売掛 | L3: 受発注 | R3: =MID($X$3,FIND("_",$X$3,FIND("_",$X$3)+1)+1,LEN($X$3)-FIND("_",$X$3,FIND("_",$X$3)+1)) -> 結合試験項目 | X3: =REPLACE(LEFT(CELL("filename",$B$2),FIND(".x",CELL("filename",$B$2))-1),1,FIND("[",CELL("filename",$B$2)),) -> 請求売掛_月次締め処理_結合試験項目 | AK3: =MID($X$3,FIND("_",$X$3)+1,FIND("_",$X$3,FIND("_",$X$3)+1)-FIND("_",$X$3)-1) -> 月次締め処理 | AX3: 45628 | BB3: 児玉 | BF3: 45628 | BJ3: 児玉
C7: 変更履歴
C8: 日付 | G8: 版数 | K8: 担当 | O8: 変更箇所 | Y8: 内容
C9: 45628 | G9: 1.0.0 | K9: 児玉 | O9: - | Y9: 新規作成

Sheet 画面
B2: システム名 | H2: 業務分類 | L2: システム分類 | R2: ドキュメント種別 | X2: ドキュメント名 | AK2: 試験対象 | AX2: 作成日 | BB2: 作成者 | BF2: 更新日 | BJ2: 更新者
B3: =変更履歴!B3 -> 受発注システム | H3: =変更履歴!H3 -> 請求売掛 | L3: =変更履歴!L3 -> 受発注 | R3: =変更履歴!R3 -> 結合試験項目 | X3: =変更履歴!X3 -> 請求売掛_月次締め処理_結合試験項目 | AK3: =変更履歴!AK3 -> 月次締め処理 | AX3: =変更履歴!AX3 -> 45628 | BB3: =変更履歴!BB3 -> 児玉 | BF3: =変更履歴!BF3 -> 45628 | BJ3: =変更履歴!BJ3 -> 児玉
BE7: 件数 | BG7: 合計 | BI7: 終了 | BK7: 残
AO8: １回目 | AU8: 2回目 | BG8: =COUNTA(C10:C19) -> 10 | BI8: =COUNTIF(AS10:AT19,"OK")+COUNTIF(AY10:AZ19,"OK") -> 10 | BK8: =BG8-BI8 -> 0
C9: No. | D9: 大項目 | H9: 中項目 | L9: 小項目 | P9: 確認手順 | X9: 確認観点 | AF9: 補足事項(テスト項目補足、テストデータ等) | AO9: 確認日 | AQ9: 確認者 | AS9: 結果 | AU9: 確認日 | AW9: 確認者 | AY9: 結果 | BA9: 試験結果備考
C10: =ROW()-9 -> 1 | D10: 画面 | H10: 初期表示 | L10: 集計値 | P10: メニューより月次締め処理を起動する | X10: 入力欄が活性、かつ、買掛が選択されていること | AO10: 45680 | AQ10: 松村 | AS10: OK
C11: =ROW()-9 -> 2 | L11: 月次締め日付(From) 買掛 | P11: メニューより月次締め処理を起動する | X11: 入力欄が非活性、かつ、[DateID]が「買掛月次更新日」のレコードの[更新日付]が入力されていること | AO11: 45680 | AQ11: 松村 | AS11: NG | AU11: 45706 | AW11: 大谷 | AY11: OK | BA11: 再表示時に年月日が表示されていない
C12: =ROW()-9 -> 3 | L12: 月次締め日付(To)買掛 | P12: メニューより月次締め処理を起動する | X12: 入力欄が非活性、かつ、Fromの翌月末が入力されていること | AO12: 45680 | AQ12: 松村 | AS12: NG | AU12: 45706 | AW12: 大谷 | AY12: OK | BA12: 再表示時に年月日が表示されていない
C13: =ROW()-9 -> 4 | L13: 月次締め日付(From)売掛 | P13: メニューより月次締め処理を起動する | X13: 入力欄が非活性、かつ、[DateID]が「売掛月次更新日」のレコードの[更新日付]が入力されていること | AO13: 45680 | AQ13: 松村 | AS13: OK
C14: =ROW()-9 -> 5 | L14: 月次締め日付(To)売掛 | P14: メニューより月次締め処理を起動する | X14: 入力欄が非活性、かつ、Fromの翌月末が入力されていること | AO14: 45680 | AQ14: 松村 | AS14: OK
C15: =ROW()-9 -> 6 | H15: 動作確認 | L15: 実行ボタン | P15: 集計値で買掛を選択して実行ボタンを押下する | X15: [DateID]が「買掛月次更新日」のレコードの[更新日付]が設定した月次締め日付に更新されること | AO15: 45680 | AQ15: 松村 | AS15: OK
C16: =ROW()-9 -> 7 | P16: 集計値で売掛を選択して実行ボタンを押下する | X16: [DateID]が「売掛月次更新日」のレコードの[更新日付]が設定した月次締め日付に更新されること | AO16: 45680 | AQ16: 松村 | AS16: OK
C17: =ROW()-9 -> 8 | P17: 実行ボタンを押下し、表示されるメッセージから「はい」を押下する | X17: 処理が実行されること | AO17: 45680 | AQ17: 松村 | AS17: OK
C18: =ROW()-9 -> 9 | P18: 実行ボタンを押下し、表示されるメッセージから「いいえ」を押下する | X18: メッセージが閉じ、処理が実行されないこと | AO18: 45680 | AQ18: 松村 | AS18: OK
C19: =ROW()-9 -> 10 | L19: 終了ボタン | P19: 終了ボタンを押下する | X19: 終了の確認メッセージが表示されること | AO19: 45680 | AQ19: 松村 | AS19: OK

Sheet 参照
A1: ラベル
A2: インプット
A3: ボタン
A4: ラジオ
