Workbook

Sheet 変更履歴
B2: システム名 | H2: 業務分類 | L2: システム分類 | R2: ドキュメント種別 | X2: ドキュメント名 | AK2: 画面名 | AX2: 作成日 | BB2: 作成者 | BF2: 更新日 | BJ2: 更新者
B3: 受発注システム | H3: =LEFT($X$3,FIND("_",$X$3)-1) -> 共通 | L3: 受発注 | R3: =MID($X$3,FIND("_",$X$3,FIND("_",$X$3)+1)+1,LEN($X$3)-FIND("_",$X$3,FIND("_",$X$3)+1)) -> ダイアログ画面設計書 | X3: =REPLACE(LEFT(CELL("filename",$B$2),FIND(".x",CELL("filename",$B$2))-1),1,FIND("[",CELL("filename",$B$2)),) -> 共通_担当者検索_ダイアログ画面設計書 | AK3: =MID($X$3,FIND("_",$X$3)+1,FIND("_",$X$3,FIND("_",$X$3)+1)-FIND("_",$X$3)-1) -> 担当者検索 | AX3: 45553 | BB3: 丹羽 | BF3: 45553 | BJ3: 丹羽
C7: 変更履歴
C8: 日付 | G8: 版数 | K8: 担当 | O8: 変更箇所 | Y8: 内容
C9: 45553 | G9: 1.0.0 | O9: - | Y9: 新規作成

Sheet 項目一覧
B2: システム名 | H2: 業務分類 | L2: システム分類 | X2: ドキュメント種別 | AG2: ドキュメント名 | AT2: 画面名 | BG2: 作成日 | BK2: 作成者 | BO2: 更新日 | BS2: 更新者
B3: =変更履歴!B3 -> 受発注システム | H3: =変更履歴!H3 -> 共通 | L3: =変更履歴!L3 -> 受発注 | X3: =変更履歴!R3 -> ダイアログ画面設計書 | AG3: =変更履歴!X3 -> 共通_担当者検索_ダイアログ画面設計書 | AT3: =変更履歴!AK3 -> 担当者検索 | BG3: =変更履歴!AX3 -> 45553 | BK3: =変更履歴!BB3 -> 丹羽 | BO3: =変更履歴!BF3 -> 45553 | BS3: =変更履歴!BJ3 -> 丹羽
B7: 項目一覧
C9: 項目
D10: No. | E10: 項目名 | M10: I/O | P10: デフォルト値 | S10: データ型 | V10: 文字数/桁数 | Y10: 条件必須 | AB10: 入力必須 | AE10: 入力方式 | AH10: 備考
D11: 1 | E11: 担当者CD | M11: I | S11: 文字列 | AE11: テキストボックス
D12: 2 | E12: 担当者名 | M12: I | S12: 文字列 | AE12: テキストボックス
D13: 4 | E13: 検索 | M13: - | AE13: ボタン
D14: 5 | E14: 一覧
D15: 6 | F15: 担当者CD | M15: O | S15: 文字列
D16: 7 | F16: 担当者名 | M16: O | S16: 文字列
D17: 9 | E17: 終了 | M17: - | AE17: ボタン
D18: 10

Sheet 画面レイアウト
B2: システム名 | H2: 業務分類 | L2: システム分類 | X2: ドキュメント種別 | AG2: ドキュメント名 | AT2: 画面名 | BG2: 作成日 | BK2: 作成者 | BO2: 更新日 | BS2: 更新者
B3: =変更履歴!B3 -> 受発注システム | H3: =変更履歴!H3 -> 共通 | L3: =変更履歴!L3 -> 受発注 | X3: =変更履歴!R3 -> ダイアログ画面設計書 | AG3: =変更履歴!X3 -> 共通_担当者検索_ダイアログ画面設計書 | AT3: =変更履歴!AK3 -> 担当者検索 | BG3: =変更履歴!AX3 -> 45553 | BK3: =変更履歴!BB3 -> 丹羽 | BO3: =変更履歴!BF3 -> 45553 | BS3: =変更履歴!BJ3 -> 丹羽

Sheet 確認事項
B2: 確認事項
B3: No. | C3: シート名 | D3: タイトル | E3: 概要 | F3: 確認済
B4: 1
B5: 2
B6: 3
B7: 4
B8: 5
B9: 6
B10: 7
B11: 8
B12: 9
B13: 10
B14: 11
B15: 12
... B54: 51

Sheet 参照
A1: 数値
A2: ブール値
A3: 文字列
A4: 日付
A5: リスト
A6: 辞書配列
