Workbook

Sheet 変更履歴
B2: システム名 | H2: 業務分類 | L2: システム分類 | R2: ドキュメント種別 | X2: ドキュメント名 | AK2: 画面名 | AX2: 作成日 | BB2: 作成者 | BF2: 更新日 | BJ2: 更新者
B3: 受発注システム | H3: =LEFT($X$3,FIND("_",$X$3)-1) -> 保守 | L3: 受発注 | R3: =MID($X$3,FIND("_",$X$3,FIND("_",$X$3)+1)+1,LEN($X$3)-FIND("_",$X$3,FIND("_",$X$3)+1)) -> ダイアログ画面設計書 | X3: =REPLACE(LEFT(CELL("filename",$B$2),FIND(".x",CELL("filename",$B$2))-1),1,FIND("[",CELL("filename",$B$2)),) -> 保守_権限設定_ダイアログ画面設計書 | AK3: =MID($X$3,FIND("_",$X$3)+1,FIND("_",$X$3,FIND("_",$X$3)+1)-FIND("_",$X$3)-1) -> 権限設定 | AX3: 45553 | BB3: 笹木 | BF3: 45553 | BJ3: 笹木
C7: 変更履歴
C8: 日付 | G8: 版数 | K8: 担当 | O8: 変更箇所 | Y8: 内容
C9: 45553 | G9: 1.0.0 | K9: 笹木 | O9: - | Y9: 新規作成

Sheet 画面レイアウト(一覧) 
B2: システム名 | H2: 業務分類 | L2: システム分類 | X2: ドキュメント種別 | AG2: ドキュメント名 | AT2: 画面名 | BG2: 作成日 | BK2: 作成者 | BO2: 更新日 | BS2: 更新者
B3: =変更履歴!B3 -> 受発注システム | H3: =変更履歴!H3 -> 保守 | L3: =変更履歴!L3 -> 受発注 | X3: =変更履歴!R3 -> ダイアログ画面設計書 | AG3: =変更履歴!X3 -> 保守_権限設定_ダイアログ画面設計書 | AT3: =変更履歴!AK3 -> 権限設定 | BG3: =変更履歴!AX3 -> 45553 | BK3: =変更履歴!BB3 -> 笹木 | BO3: =変更履歴!BF3 -> 45553 | BS3: =変更履歴!BJ3 -> 笹木

Sheet 項目一覧(一覧)
B2: システム名 | H2: 業務分類 | L2: システム分類 | X2: ドキュメント種別 | AG2: ドキュメント名 | AT2: 画面名 | BG2: 作成日 | BK2: 作成者 | BO2: 更新日 | BS2: 更新者
B3: =変更履歴!B3 -> 受発注システム | H3: =変更履歴!H3 -> 保守 | L3: =変更履歴!L3 -> 受発注 | X3: =変更履歴!R3 -> ダイアログ画面設計書 | AG3: =変更履歴!X3 -> 保守_権限設定_ダイアログ画面設計書 | AT3: =変更履歴!AK3 -> 権限設定 | BG3: =変更履歴!AX3 -> 45553 | BK3: =変更履歴!BB3 -> 笹木 | BO3: =変更履歴!BF3 -> 45553 | BS3: =変更履歴!BJ3 -> 笹木
B7: 項目一覧
C9: 項目
D10: No. | E10: 項目名 | M10: I/O | P10: デフォルト値 | S10: データ型 | V10: 文字数/桁数 | Y10: 条件必須 | AB10: 入力必須 | AE10: 入力方式 | AH10: 読取専用 | AK10: 回り込みしない | AN10: 備考
D11: 1 | E11: Name | M11: - | S11: 文字列 | AB11: ○ | AE11: テキストボックス
D12: 2 | E12: 画面名 | M12: I | S12: 文字列 | AB12: ○ | AE12: プルダウン | AN12: 各画面に対応した画面の名前をすべて表示する
D13: 3 | E13: 戻る | M13: I | AE13: ボタン | AN13: 保守フォルダ配下へ戻る
D14: 4 | E14: 一括削除 | M14: I | AE14: ボタン | AN14: 選択した項目を一括削除する
D15: 5 | E15: インポート | M15: I | AE15: ボタン
D16: 6 | E16: エクスポート | M16: I | AE16: ボタン
D17: 7 | E17: 編集モード | M17: I | AE17: ボタン | AN17: 表形式で権限設定を修正できるモードに変更する
D18: 8
D19: 9
D20: 10
D21: 11
D22: 12
D23: 13
D24: 14
D25: 15
D26: 16
D27: 17
D28: 18

Sheet 画面レイアウト(作成更新画面)
B2: システム名 | H2: 業務分類 | L2: システム分類 | X2: ドキュメント種別 | AG2: ドキュメント名 | AT2: 画面名 | BG2: 作成日 | BK2: 作成者 | BO2: 更新日 | BS2: 更新者
B3: =変更履歴!B3 -> 受発注システム | H3: =変更履歴!H3 -> 保守 | L3: =変更履歴!L3 -> 受発注 | X3: =変更履歴!R3 -> ダイアログ画面設計書 | AG3: =変更履歴!X3 -> 保守_権限設定_ダイアログ画面設計書 | AT3: =変更履歴!AK3 -> 権限設定 | BG3: =変更履歴!AX3 -> 45553 | BK3: =変更履歴!BB3 -> 笹木 | BO3: =変更履歴!BF3 -> 45553 | BS3: =変更履歴!BJ3 -> 笹木

Sheet 項目一覧(作成更新画面)
B2: システム名 | H2: 業務分類 | L2: システム分類 | X2: ドキュメント種別 | AG2: ドキュメント名 | AT2: 画面名 | BG2: 作成日 | BK2: 作成者 | BO2: 更新日 | BS2: 更新者
B3: =変更履歴!B3 -> 受発注システム | H3: =変更履歴!H3 -> 保守 | L3: =変更履歴!L3 -> 受発注 | X3: =変更履歴!R3 -> ダイアログ画面設計書 | AG3: =変更履歴!X3 -> 保守_権限設定_ダイアログ画面設計書 | AT3: =変更履歴!AK3 -> 権限設定 | BG3: =変更履歴!AX3 -> 45553 | BK3: =変更履歴!BB3 -> 笹木 | BO3: =変更履歴!BF3 -> 45553 | BS3: =変更履歴!BJ3 -> 笹木
B7: 項目一覧
C9: 項目
D10: No. | E10: 項目名 | M10: I/O | P10: デフォルト値 | S10: データ型 | V10: 文字数/桁数 | Y10: 条件必須 | AB10: 入力必須 | AE10: 入力方式 | AH10: 読取専用 | AK10: 回り込みしない | AN10: 備考
D11: 1 | E11: Name | M11: I | S11: 文字列 | AB11: ○ | AE11: テキストボックス
D12: 2 | E12: 画面名 | M12: O | S12: 文字列 | AN12: 各画面に対応した画面の名前をすべて表示する
D13: 3 | E13: 権限 | M13: I | P13: 権限なし | S13: リスト | AB13: ○ | AE13: プルダウン | AN13: 各画面に対応した権限を「管理権限、一般権限、権限なし」から選択する
D14: 4 | E14: 作成 | M14: I | AE14: ボタン | AN14: 新規作成
D15: 5 | E15: 更新 | M15: I | AE15: ボタン | AN15: データ更新
D16: 6 | E16: 削除 | M16: I | AE16: ボタン | AN16: データ削除
D17: 7 | E17: 戻る | M17: I | AE17: ボタン
D18: 8
D19: 9
D20: 10
D21: 11
D22: 12
D23: 13
D24: 14
D25: 15
D26: 16
D27: 17
D28: 18

Sheet 確認事項
B2: 確認事項
B3: No. | C3: シート名 | D3: タイトル | E3: 概要 | F3: 確認済
B4: 1
B5: 2
B6: 3
B7: 4
B8: 5
B9: 6
B10: 7
B11: 8
B12: 9
B13: 10
B14: 11
B15: 12
... B54: 51

Sheet 参照
A1: 数値
A2: ブール値
A3: 文字列
A4: 日付
A5: リスト
A6: 辞書配列
