Workbook
Name 依頼者: '別紙_テンプレート _新システム'!$J$3
Name 依頼者: 別紙_テンプレート_現行!$J$3
Name 作業内容: '別紙_テンプレート _新システム'!$A$18
Name 作業内容: 別紙_テンプレート_現行!$A$23
Name 施工日: '別紙_テンプレート _新システム'!$C$8
Name 施工日: 別紙_テンプレート_現行!$C$8
Name 受注先Adr: '別紙_テンプレート _新システム'!$C$11
Name 受注先Adr: 別紙_テンプレート_現行!$E$11
Name 受注先TEL: '別紙_テンプレート _新システム'!$C$12
Name 受注先TEL: 別紙_テンプレート_現行!$E$12
Name 受注番号: '別紙_テンプレート _新システム'!$A$8
Name 受注番号: 別紙_テンプレート_現行!$A$8
Name 出力日: '別紙_テンプレート _新システム'!$F$1
Name 出力日: 別紙_テンプレート_現行!$F$1
Name 店舗番号: '別紙_テンプレート _新システム'!$A$6
Name 店舗番号: 別紙_テンプレート_現行!$A$6
Name 店舗名: '別紙_テンプレート _新システム'!$C$6
Name 店舗名: 別紙_テンプレート_現行!$C$6
Name 備考: '別紙_テンプレート _新システム'!$A$15
Name 備考: 別紙_テンプレート_現行!$A$20

Sheet 変更履歴
B2: システム名 | H2: 画面ID | L2: システム分類 | R2: ドキュメント種別 | X2: ドキュメント名 | AK2: 帳票名 | AX2: 作成日 | BB2: 作成者 | BF2: 更新日 | BJ2: 更新者
B3: 受発注システム | H3: =LEFT($X$3,FIND("_",$X$3)-1) -> MH1300 | L3: 受発注システム | R3: =MID($X$3,FIND("_",$X$3,FIND("_",$X$3)+1)+1,LEN($X$3)-FIND("_",$X$3,FIND("_",$X$3)+1)) -> 帳票設計書 | X3: =REPLACE(LEFT(CELL("filename",$B$2),FIND(".x",CELL("filename",$B$2))-1),1,FIND("[",CELL("filename",$B$2)),) -> MH1300_施工依頼表_帳票設計書 | AK3: =MID($X$3,FIND("_",$X$3)+1,FIND("_",$X$3,FIND("_",$X$3)+1)-FIND("_",$X$3)-1) -> 施工依頼表 | AX3: 45583 | BB3: 大谷 | BF3: 45583 | BJ3: 大谷
C7: 変更履歴
C8: 日付 | G8: 版数 | K8: 担当 | O8: 変更箇所 | Y8: 内容
C9: 45583 | G9: 1.0.0 | K9: 大谷 | O9: - | Y9: 新規作成

Sheet 概要
B2: システム名 | H2: 画面ID | L2: システム分類 | R2: ドキュメント種別 | X2: ドキュメント名 | AK2: 帳票名 | AX2: 作成日 | BB2: 作成者 | BF2: 更新日 | BJ2: 更新者
B3: =変更履歴!B3 -> 受発注システム | H3: =変更履歴!H3 -> MH1300 | L3: =変更履歴!L3 -> 受発注システム | R3: =変更履歴!R3 -> 帳票設計書 | X3: =変更履歴!X3 -> MH1300_施工依頼表_帳票設計書 | AK3: =変更履歴!AK3 -> 施工依頼表 | AX3: =変更履歴!AX3 -> 45583 | BB3: =変更履歴!BB3 -> 大谷 | BF3: =変更履歴!BF3 -> 45583 | BJ3: =変更履歴!BJ3 -> 大谷
D7: 帳票の名称 | H7: =AK3 -> 施工依頼表
D8: 帳票テンプレート名 | H8: Temp施工依頼書.xlsx
D9: ファイル種類 | H9: Excel
D10: ファイル拡張子 | H10: xlsx
D11: 文字コード | H11: -
D12: コーテーション | H12: -
D13: 固定長/可変長 | H13: -
D14: 区切り文字 | H14: -
D15: 用紙サイズ | H15: A4縦
D16: 概要

Sheet 帳票レイアウト
B2: システム名 | H2: 画面ID | L2: システム分類 | R2: ドキュメント種別 | X2: ドキュメント名 | AK2: 帳票名 | AX2: 作成日 | BB2: 作成者 | BF2: 更新日 | BJ2: 更新者
B3: =変更履歴!B3 -> 受発注システム | H3: =変更履歴!H3 -> MH1300 | L3: =変更履歴!L3 -> 受発注システム | R3: =変更履歴!R3 -> 帳票設計書 | X3: =変更履歴!X3 -> MH1300_施工依頼表_帳票設計書 | AK3: =変更履歴!AK3 -> 施工依頼表 | AX3: =変更履歴!AX3 -> 45583 | BB3: =変更履歴!BB3 -> 大谷 | BF3: =変更履歴!BF3 -> 45583 | BJ3: =変更履歴!BJ3 -> 大谷
B6: ページ１

Sheet 項目一覧
B2: システム名 | H2: 画面ID | L2: システム分類 | R2: ドキュメント種別 | X2: ドキュメント名 | AK2: 帳票名 | AX2: 作成日 | BB2: 作成者 | BF2: 更新日 | BJ2: 更新者
B3: =変更履歴!B3 -> 受発注システム | H3: =変更履歴!H3 -> MH1300 | L3: =変更履歴!L3 -> 受発注システム | R3: =変更履歴!R3 -> 帳票設計書 | X3: =変更履歴!X3 -> MH1300_施工依頼表_帳票設計書 | AK3: =変更履歴!AK3 -> 施工依頼表 | AX3: =変更履歴!AX3 -> 45583 | BB3: =変更履歴!BB3 -> 大谷 | BF3: =変更履歴!BF3 -> 45583 | BJ3: =変更履歴!BJ3 -> 大谷
B7: 項目一覧
C9: 項目 | F9: フォントや文字サイズ、セル条件などは「別紙_テンプレート」準拠
D10: No. | E10: 項目名 | M10: データ型 | P10: 全角/半角 | S10: 文字数/桁数 | V10: データ取得元 | AB10: データ整形方法 | AR10: 整形後フォーマット | AX10: 備考
D11: 1 | E11: 出力日 | M11: 日付 | P11: 半角 | S11: 縮小して全体表示 | V11: 現在日付 | AR11: 9999年99月99日
D12: 2 | E12: 依頼者 | M12: 文字列 | P12: 全角 | S12: 縮小して全体表示 | V12: ログインしているユーザーの名前 | AX12: Pleasanterのログインユーザ名取得
D13: 3 | E13: 店舗NO. | M13: 文字列 | P13: 半角 | S13: 縮小して全体表示 | V13: [SQL1.納入先CD]
D14: 4 | E14: 物件名 | M14: 文字列 | P14: 全角 | S14: 縮小して全体表示 | V14: [SQL1.納入先名1],[SQL1.納入先名2] | AB14: [SQL1.納入先名2]が空の場合は[SQL1.納入先名1]のみ、空でない場合は[SQL1.納入先名1]+[改行]+[SQL1.納入先名2]
D15: 5 | E15: 見積りNO. | M15: 文字列 | P15: 半角 | S15: 縮小して全体表示 | V15: [SQL1.見積番号]
D16: 6 | E16: 施工日 | M16: 日付 | P16: 半角 | S16: 縮小して全体表示 | V16: [画面.希望納期]
D17: 7 | E17: 住所 | M17: 文字列 | P17: 全角 | S17: 44 | V17: [SQL1.住所1],[SQL1.住所2] | AB17: [SQL1.住所2]が空の場合は[SQL1.住所1]のみ、空でない場合は[SQL1.住所1]+[改行]+[SQL1.住所2]
D18: 8 | E18: 電話 | M18: 文字列 | P18: 半角 | S18: 11 | V18: [SQL1.納TEL]
D19: 9 | E19: 備考 | M19: 文字列 | P19: 全角 | S19: 縮小して全体表示 | V19: [SQL1.備考]
D20: 10 | E20: 作業内容 | M20: 文字列 | P20: 全角 | S20: 縮小して全体表示 | V20: [SQL1.作業内容]

Sheet 処理詳細
B2: システム名 | H2: 画面ID | L2: システム分類 | R2: ドキュメント種別 | X2: ドキュメント名 | AK2: 帳票名 | AX2: 作成日 | BB2: 作成者 | BF2: 更新日 | BJ2: 更新者
B3: =変更履歴!B3 -> 受発注システム | H3: =変更履歴!H3 -> MH1300 | L3: =変更履歴!L3 -> 受発注システム | R3: =変更履歴!R3 -> 帳票設計書 | X3: =変更履歴!X3 -> MH1300_施工依頼表_帳票設計書 | AK3: =変更履歴!AK3 -> 施工依頼表 | AX3: =変更履歴!AX3 -> 45583 | BB3: =変更履歴!BB3 -> 大谷 | BF3: =変更履歴!BF3 -> 45583 | BJ3: =変更履歴!BJ3 -> 大谷
B6: SQL1 | H6: select | J6: 見積番号 | R6: TD見積.見積番号
J7: 見積日付 | R7: TD見積.見積日付
J8: 見積件名 | R8: TD見積.見積件名
J9: 納入先名1 | R9: TD見積.納入先名1
J10: 納入先名2 | R10: TD見積.納入先名2
J11: 郵便番号 | R11: TD見積.郵便番号
J12: 住所1 | R12: TD見積.住所1
J13: 住所2 | R13: TD見積.住所2
J14: 納TEL | R14: TD見積.納TEL
J15: 納FAX | R15: TD見積.納FAX
J16: 納入先CD | R16: TD見積.納入先CD
J17: 備考 | R17: TD見積.備考
J18: 作業内容 | R18: TD見積.作業内容
H19: from | J19: TD見積
H20: where | J20: [TD見積.見積番号]=[画面.見積番号]

Sheet 処理詳細_書き方
B2: システム名 | H2: 画面ID | L2: 業務分類 | R2: ドキュメント種別 | X2: ドキュメント名 | AK2: 帳票名 | AX2: 作成日 | BB2: 作成者 | BF2: 更新日 | BJ2: 更新者
B3: =変更履歴!B3 -> 受発注システム | H3: =変更履歴!H3 -> MH1300 | L3: =変更履歴!L3 -> 受発注システム | R3: =変更履歴!R3 -> 帳票設計書 | X3: =変更履歴!X3 -> MH1300_施工依頼表_帳票設計書 | AK3: =変更履歴!AK3 -> 施工依頼表 | AX3: =変更履歴!AX3 -> 45583 | BB3: =変更履歴!BB3 -> 大谷 | BF3: =変更履歴!BF3 -> 45583 | BJ3: =変更履歴!BJ3 -> 大谷
B7: 1.タイトルを記載 | H7: select | J7: 項目名 | R7: 格納テーブル
J8: 仕入先CD | R8: VM支払予定情報.仕入先CD
J9: 仕入先名1 | R9: VM支払予定情報.仕入先名1
H10: from | J10: 使用するテーブル名を記載
J11: TD売上請求H
J12: TD見積
J13: TM納入先
H14: join | J14: 結合方式
K15: 結合テーブル名
M16: 結合条件
L17: and | M17: 結合条件
L18: or | M18: 結合条件
J19: INNER JOIN
K20: TM納入先
M21: [TD見積.納入得意先CD] = [TM納入先.得意先CD]
L22: and | M22: [TD見積.納入先CD] = [TM納入先.納入先CD]
H23: where | K23: 取得条件 | AK23: パラメータの意味が分かる場合は記載する
J24: and | K24: 取得条件
J25: or | K25: 取得条件
J26: ※可能な限り日本語化する
K27: [TD見積.得意先CD] = '8001' | AK27: 8001'はヤオコーの得意先CD
J28: and | K28: [TD売上請求H.請求日付]が[画面.請求期間From]以降
H32: order by | J32: ソート条件を記載
J33: [画面.iYK物件区分]が1の場合は[TD見積.納入得意先CD],[TD見積.納入先CD],[TD売上請求H.見積番号]を昇順でソート
H36: group byなどほかの条件がある場合は行を追加して記載

Sheet 確認事項
B2: 確認事項
B3: No. | C3: シート名 | D3: タイトル | E3: 概要 | F3: 対応 | G3: 確認済
B4: 1 | C4: 項目一覧 | D4: 項目9～14について | E4: どこからのデータが入るのか | F4: 項目自体不要 | G4: 〇
B5: 2 | C5: 項目一覧 | D5: 項目15,16 | E5: それぞれ20行目、24行目に設定されているが問題ないか。(1行下から入れるべきか) | F5: 問題ない。 | G5: 〇
B6: 3
B7: 4
B8: 5
B9: 6
B10: 7
B11: 8
B12: 9
B13: 10
B14: 11
B15: 12
B16: 13
B17: 14
... B54: 51

Sheet 別紙_テンプレート _新システム
E1: 依頼日 | F1: 44022
A3: メンテ | E3: 依頼書 | G3: 依頼者 | J3: 大澤
A5: 店舗NO. | C5: 物件名
C6: ベルク ぐりーんうぉーく店
A7: 見積りNO. | C7: 施工日
C8: 44041
A10: 店舗情報
A11: 住所 | C11: 東京都八王子市別所2-56
A12: 電話 | C12: 042-679-7100
A14: 詳細内容（必要人員・依頼トラック積載量・荷姿寸法等）
A15: 備考
A18: 作業内容
G29: お客様印 | I29: 施工者 | K29: CC
A32: ※作業前・作業後の写真を必ず撮って下さい
A33: 追加、変更があった場合必ず報告してください。

Sheet 別紙_テンプレート_現行
E1: 依頼日 | F1: 44022
A3: メンテ | E3: 依頼書 | G3: 依頼者 | J3: 大澤
A5: 店舗NO. | C5: 物件名
C6: ベルク ぐりーんうぉーく店
A7: 見積りNO. | C7: 施工日
C8: 44041
A10: 店舗情報
C11: 住所 | E11: 東京都八王子市別所2-56
C12: 電話 | E12: 042-679-7100
A13: メンテ | C13: 現調・施工
A15: 依頼金額（予算）※必須 | E15: 必要部材（※メンテの場合、必須）
D16: 円（税別） | E16: 社内在庫対応 | G16: 会社入れ | I16: 引取 | K16: 直送
K17: /
A19: 詳細内容（必要人員・依頼トラック積載量・荷姿寸法等）
A20: 備考
A23: 作業内容
F34: お客様印 | G34: 施工者 | I34: CC | K34: 社長
A37: ※作業前・作業後の写真を必ず撮って下さい
A38: 追加、変更があった場合必ず報告してください。

Sheet 別紙_印刷レイアウト

Sheet 参照
A1: 数値
A2: ブール値
A3: 文字列
A4: 日付
A5: リスト
A6: 辞書配列
