Workbook
Name CoreCells: #REF!
Name CoreCellsRow: #REF!
Name クレーム区分: #REF!
Name 会社担当者: #REF!
Name 会社担当者E_mail: #REF!
Name 見積金額: #REF!
Name 見積件名: #REF!
Name 見積日: #REF!
Name 見積番号: #REF!
Name 見積有効期限: #REF!
Name 現場名: #REF!
Name 合計金額: #REF!
Name 作成日: #REF!
Name 支払条件: #REF!
Name 受注区分: #REF!
Name 受注先1: #REF!
Name 受渡地: #REF!
Name 消費税額: #REF!
Name 消費税等: #REF!
Name 担当者: #REF!
Name 担当者名: #REF!
Name 店番: #REF!
Name 得意先名1: #REF!
Name 得意先名2: #REF!
Name 納期: #REF!
Name 納入先1: #REF!
Name 納入先住所1: #REF!
Name 備考: #REF!

Sheet 変更履歴
B2: システム名 | H2: 画面ID | L2: システム分類 | R2: ドキュメント種別 | X2: ドキュメント名 | AK2: 帳票名 | AX2: 作成日 | BB2: 作成者 | BF2: 更新日 | BJ2: 更新者
B3: 受発注システム | H3: =LEFT($X$3,FIND("_",$X$3)-1) -> SS0700 | L3: 受発注 | R3: =MID($X$3,FIND("_",$X$3,FIND("_",$X$3)+1)+1,LEN($X$3)-FIND("_",$X$3,FIND("_",$X$3)+1)) -> インポート_帳票設計書 | X3: =REPLACE(LEFT(CELL("filename",$B$2),FIND(".x",CELL("filename",$B$2))-1),1,FIND("[",CELL("filename",$B$2)),) -> SS0700_支払取込CSV_インポート_帳票設計書 | AK3: =MID($X$3,FIND("_",$X$3)+1,FIND("_",$X$3,FIND("_",$X$3)+1)-FIND("_",$X$3)-1) -> 支払取込CSV | AX3: 45575 | BB3: 大谷 | BF3: 45575 | BJ3: 大谷
C7: 変更履歴
C8: 日付 | G8: 版数 | K8: 担当 | O8: 変更箇所 | Y8: 内容
C9: 45575 | G9: 1.0.0 | K9: 大谷 | O9: - | Y9: 新規作成

Sheet 概要
B2: システム名 | H2: 画面ID | L2: システム分類 | R2: ドキュメント種別 | X2: ドキュメント名 | AK2: 帳票名 | AX2: 作成日 | BB2: 作成者 | BF2: 更新日 | BJ2: 更新者
B3: =変更履歴!B3 -> 受発注システム | H3: =変更履歴!H3 -> SS0700 | L3: =変更履歴!L3 -> 受発注 | R3: =変更履歴!R3 -> インポート_帳票設計書 | X3: =変更履歴!X3 -> SS0700_支払取込CSV_インポート_帳票設計書 | AK3: =変更履歴!AK3 -> 支払取込CSV | AX3: =変更履歴!AX3 -> 45575 | BB3: =変更履歴!BB3 -> 大谷 | BF3: =変更履歴!BF3 -> 45575 | BJ3: =変更履歴!BJ3 -> 大谷
D7: 帳票の名称 | H7: =AK3 -> 支払取込CSV
D8: 帳票テンプレート名 | H8: 支払取込yyyymm_d.csv
D9: ファイル種類 | H9: csv
D10: ファイル拡張子 | H10: csv
D11: 文字コード | H11: SJIS
D12: コーテーション | H12: なし
D13: 固定長/可変長 | H13: 可変長
D14: 区切り文字 | H14: カンマ
D15: 用紙サイズ
D16: 概要

Sheet 帳票レイアウト
B2: システム名 | H2: 画面ID | L2: システム分類 | R2: ドキュメント種別 | X2: ドキュメント名 | AK2: 帳票名 | AX2: 作成日 | BB2: 作成者 | BF2: 更新日 | BJ2: 更新者
B3: =変更履歴!B3 -> 受発注システム | H3: =変更履歴!H3 -> SS0700 | L3: =変更履歴!L3 -> 受発注 | R3: =変更履歴!R3 -> インポート_帳票設計書 | X3: =変更履歴!X3 -> SS0700_支払取込CSV_インポート_帳票設計書 | AK3: =変更履歴!AK3 -> 支払取込CSV | AX3: =変更履歴!AX3 -> 45575 | BB3: =変更履歴!BB3 -> 大谷 | BF3: =変更履歴!BF3 -> 45575 | BJ3: =変更履歴!BJ3 -> 大谷
B6: ページ１

Sheet 項目一覧
B2: システム名 | H2: 画面ID | L2: システム分類 | R2: ドキュメント種別 | AD2: ドキュメント名 | AQ2: 帳票名 | BD2: 作成日 | BH2: 作成者 | BL2: 更新日 | BP2: 更新者
B3: =変更履歴!B3 -> 受発注システム | H3: =変更履歴!H3 -> SS0700 | L3: =変更履歴!L3 -> 受発注 | R3: =変更履歴!R3 -> インポート_帳票設計書 | AD3: =変更履歴!X3 -> SS0700_支払取込CSV_インポート_帳票設計書 | AQ3: =変更履歴!AK3 -> 支払取込CSV | BD3: =変更履歴!AX3 -> 45575 | BH3: =変更履歴!BB3 -> 大谷 | BL3: =変更履歴!BF3 -> 45575 | BP3: =変更履歴!BJ3 -> 大谷
B7: 項目一覧
C9: 項目 | F9: フォントや文字サイズ、セル条件などは「別紙_テンプレート」準拠
D10: No. | E10: 項目名 | M10: データ型 | P10: 全角/半角 | S10: 文字数/桁数 | V10: データ取得元 | AB10: データ整形方法 | AX10: 整形後フォーマット | BD10: 備考
D11: 1 | E11: 仕入先CD | M11: 文字列 | P11: 半角 | S11: - | V11: CSV.1列目
D12: 2 | E12: 支払日付 | M12: 日付 | P12: 半角 | S12: - | V12: CSV.2列目
D13: 3 | E13: 支払金額 | M13: 数値 | P13: 半角 | S13: - | V13: CSV.3列目
D14: 4
D15: 5
D16: 6
D17: 7
D18: 8
D19: 9
D20: 10
D21: 11
D22: 12
D23: 13
D24: 14
D25: 15
... D32: 22

Sheet 処理詳細_書き方
B2: システム名 | H2: 画面ID | L2: 業務分類 | R2: ドキュメント種別 | X2: ドキュメント名 | AK2: 帳票名 | AX2: 作成日 | BB2: 作成者 | BF2: 更新日 | BJ2: 更新者
B3: =変更履歴!B3 -> 受発注システム | H3: =変更履歴!H3 -> SS0700 | L3: =変更履歴!L3 -> 受発注 | R3: =変更履歴!R3 -> インポート_帳票設計書 | X3: =変更履歴!X3 -> SS0700_支払取込CSV_インポート_帳票設計書 | AK3: =変更履歴!AK3 -> 支払取込CSV | AX3: =変更履歴!AX3 -> 45575 | BB3: =変更履歴!BB3 -> 大谷 | BF3: =変更履歴!BF3 -> 45575 | BJ3: =変更履歴!BJ3 -> 大谷
B7: 1.タイトルを記載 | H7: select | J7: 項目名 | R7: 格納テーブル
J8: 仕入先CD | R8: VM支払予定情報.仕入先CD
J9: 仕入先名1 | R9: VM支払予定情報.仕入先名1
H10: from | J10: 使用するテーブル名を記載
J11: TD売上請求H
J12: TD見積
J13: TM納入先
H14: join | J14: 結合方式
K15: 結合テーブル名
M16: 結合条件
L17: and | M17: 結合条件
L18: or | M18: 結合条件
J19: INNER JOIN
K20: TM納入先
M21: [TD見積.納入得意先CD] = [TM納入先.得意先CD]
L22: and | M22: [TD見積.納入先CD] = [TM納入先.納入先CD]
H23: where | K23: 取得条件 | AK23: パラメータの意味が分かる場合は記載する
J24: and | K24: 取得条件
J25: or | K25: 取得条件
J26: ※可能な限り日本語化する
K27: [TD見積.得意先CD] = '8001' | AK27: 8001'はヤオコーの得意先CD
J28: and | K28: [TD売上請求H.請求日付]が[画面.請求期間From]以降
H32: order by | J32: ソート条件を記載
J33: [画面.iYK物件区分]が1の場合は[TD見積.納入得意先CD],[TD見積.納入先CD],[TD売上請求H.見積番号]を昇順でソート
H36: group byなどほかの条件がある場合は行を追加して記載

Sheet 処理詳細
B2: システム名 | H2: 画面ID | L2: システム分類 | R2: ドキュメント種別 | X2: ドキュメント名 | AK2: 帳票名 | AX2: 作成日 | BB2: 作成者 | BF2: 更新日 | BJ2: 更新者
B3: =変更履歴!B3 -> 受発注システム | H3: =変更履歴!H3 -> SS0700 | L3: =変更履歴!L3 -> 受発注 | R3: =変更履歴!R3 -> インポート_帳票設計書 | X3: =変更履歴!X3 -> SS0700_支払取込CSV_インポート_帳票設計書 | AK3: =変更履歴!AK3 -> 支払取込CSV | AX3: =変更履歴!AX3 -> 45575 | BB3: =変更履歴!BB3 -> 大谷 | BF3: =変更履歴!BF3 -> 45575 | BJ3: =変更履歴!BJ3 -> 大谷
B6: SQL1 | H6: select | J6: 支払番号 | R6: TD支払.支払番号 | AK6: select * from TD支払 where 0 <> 0
J7: 枝番 | R7: TD支払.枝番
J8: 支払日付 | R8: TD支払.支払日付
J9: 仕入先CD | R9: TD支払.仕入先CD
J10: 仕入先名1 | R10: TD支払.仕入先名1
J11: 仕入先名2 | R11: TD支払.仕入先名2
J12: 支払区分CD | R12: TD支払.支払区分CD
J13: 支払区分名 | R13: TD支払.支払区分名
J14: 支払種別 | R14: TD支払.支払種別
J15: 支払金額 | R15: TD支払.支払金額
J16: 手形期日 | R16: TD支払.手形期日
J17: 手形番号 | R17: TD支払.手形番号
J18: 摘要名 | R18: TD支払.摘要名
... J24: 登録変更日 | R24: TD支払.登録変更日
H25: from | J25: From TD支払
H26: where | J26: where 0 <> 0 | AK26: 必ずFalseになる条件 | AP26: SQLで項目のみ取得

Sheet 確認事項
B2: 確認事項
B3: No. | C3: シート名 | D3: タイトル | E3: 概要 | F3: 回答 | G3: 確認済
B4: 1 | C4: 概要 | D4: CSVのファイル名 | E4: CSVファイルの命名規則は「yyyymm_d.csv」？ | F4: 認識あっている | G4: 〇
B5: 2
B6: 3
B7: 4
B8: 5
B9: 6
B10: 7
B11: 8
B12: 9
B13: 10
B14: 11
B15: 12
B16: 13
... B54: 51

Sheet 別紙_テンプレート
A1: 1005 | B1: 44839 | C1: 122093
A2: 1028 | B2: 44839 | C2: 2102100
A3: 1041 | B3: 44839 | C3: 27208
A4: 1203 | B4: 44839 | C4: 276265
A5: 1209 | B5: 44839 | C5: 1716578
A6: 1409 | B6: 44839 | C6: 5842881
A7: 1601 | B7: 44839 | C7: 4585077
A8: 1606 | B8: 44839 | C8: 528000
A9: 1620 | B9: 44839 | C9: 1209175
A10: 1624 | B10: 44839 | C10: 335990
A11: 1807 | B11: 44839 | C11: 1070323
A12: 1818 | B12: 44839 | C12: 8228
... A78: 9803 | B78: 44839 | C78: 193600

Sheet 参照
A1: 数値
A2: ブール値
A3: 文字列
A4: 日付
A5: リスト
A6: 辞書配列
