Workbook

Sheet 変更履歴
B2: システム名 | H2: 画面ID | L2: システム分類 | R2: ドキュメント種別 | X2: ドキュメント名 | AK2: 帳票名 | AX2: 作成日 | BB2: 作成者 | BF2: 更新日 | BJ2: 更新者
B3: 受発注システム | H3: =LEFT($X$3,FIND("_",$X$3)-1) -> SU0200 | L3: 受発注 | R3: =MID($X$3,FIND("_",$X$3,FIND("_",$X$3)+1)+1,LEN($X$3)-FIND("_",$X$3,FIND("_",$X$3)+1)) -> 帳票設計書 | X3: =REPLACE(LEFT(CELL("filename",$B$2),FIND(".x",CELL("filename",$B$2))-1),1,FIND("[",CELL("filename",$B$2)),) -> SU0200_手入力鏡_帳票設計書 | AK3: =MID($X$3,FIND("_",$X$3)+1,FIND("_",$X$3,FIND("_",$X$3)+1)-FIND("_",$X$3)-1) -> 手入力鏡 | AX3: 45583 | BB3: 大谷 | BF3: 45583 | BJ3: 大谷
C7: 変更履歴
C8: 日付 | G8: 版数 | K8: 担当 | O8: 変更箇所 | Y8: 内容
C9: 45583 | G9: 1.0.0 | K9: 大谷 | O9: - | Y9: 新規作成

Sheet 概要
B2: システム名 | H2: 画面ID | L2: システム分類 | R2: ドキュメント種別 | X2: ドキュメント名 | AK2: 帳票名 | AX2: 作成日 | BB2: 作成者 | BF2: 更新日 | BJ2: 更新者
B3: =変更履歴!B3 -> 受発注システム | H3: =変更履歴!H3 -> SU0200 | L3: =変更履歴!L3 -> 受発注 | R3: =変更履歴!R3 -> 帳票設計書 | X3: =変更履歴!X3 -> SU0200_手入力鏡_帳票設計書 | AK3: =変更履歴!AK3 -> 手入力鏡 | AX3: =変更履歴!AX3 -> 45583 | BB3: =変更履歴!BB3 -> 大谷 | BF3: =変更履歴!BF3 -> 45583 | BJ3: =変更履歴!BJ3 -> 大谷
D7: 帳票の名称 | H7: =AK3 -> 手入力鏡
D8: 帳票テンプレート名 | H8: -
D9: ファイル種類 | H9: PDF
D10: ファイル拡張子 | H10: pdf
D11: 文字コード | H11: -
D12: コーテーション | H12: -
D13: 固定長/可変長 | H13: -
D14: 区切り文字 | H14: -
D15: 用紙サイズ | H15: A4縦
D16: 概要

Sheet 帳票レイアウト
B2: システム名 | H2: 画面ID | L2: システム分類 | R2: ドキュメント種別 | X2: ドキュメント名 | AK2: 帳票名 | AX2: 作成日 | BB2: 作成者 | BF2: 更新日 | BJ2: 更新者
B3: =変更履歴!B3 -> 受発注システム | H3: =変更履歴!H3 -> SU0200 | L3: =変更履歴!L3 -> 受発注 | R3: =変更履歴!R3 -> 帳票設計書 | X3: =変更履歴!X3 -> SU0200_手入力鏡_帳票設計書 | AK3: =変更履歴!AK3 -> 手入力鏡 | AX3: =変更履歴!AX3 -> 45583 | BB3: =変更履歴!BB3 -> 大谷 | BF3: =変更履歴!BF3 -> 45583 | BJ3: =変更履歴!BJ3 -> 大谷
B6: ページ１

Sheet 項目一覧
B2: システム名 | H2: 画面ID | L2: システム分類 | R2: ドキュメント種別 | X2: ドキュメント名 | AK2: 帳票名 | AX2: 作成日 | BB2: 作成者 | BF2: 更新日 | BJ2: 更新者
B3: =変更履歴!B3 -> 受発注システム | H3: =変更履歴!H3 -> SU0200 | L3: =変更履歴!L3 -> 受発注 | R3: =変更履歴!R3 -> 帳票設計書 | X3: =変更履歴!X3 -> SU0200_手入力鏡_帳票設計書 | AK3: =変更履歴!AK3 -> 手入力鏡 | AX3: =変更履歴!AX3 -> 45583 | BB3: =変更履歴!BB3 -> 大谷 | BF3: =変更履歴!BF3 -> 45583 | BJ3: =変更履歴!BJ3 -> 大谷
B7: 項目一覧
C9: 項目 | F9: フォントや文字サイズ、セル条件などは「別紙_テンプレート」準拠
D10: No. | E10: 項目名 | M10: データ型 | P10: 全角/半角 | S10: 文字数/桁数 | V10: データ取得元 | AB10: データ整形方法 | AR10: 整形後フォーマット | AX10: 備考
D11: 1 | E11: 請求番号 | M11: 数値 | P11: 半角 | V11: 画面.見積番号1~10 | AB11: 画面.見積番号1~10を入力された番号まで表示。 3つずつで改行する。10まで存在する場合は末尾に" 他"を追加する。
D12: 2 | E12: お客様番号 | M12: 数値 | P12: 半角 | V12: SQL1.得意先CD
D13: 3 | E13: 得意先名1 | M13: 文字列 | P13: 全角 | V13: SQL1.得意先名1,SQL1.得意先名2 | AB13: [得意先名2]が空の場合は空を表示、それ以外の場合は[得意先名1]を表示
D14: 4 | E14: 得意先名2 | M14: 文字列 | P14: 全角 | V14: SQL1.得意先名1,SQL1.得意先名2 | AB14: [得意先名2]が空の場合は[得意先名1]を表示、それ以外の場合は[得意先名2]を表示
D15: 5 | E15: 会社名 | M15: 文字列 | P15: 全角 | V15: TM会社.社名1 | AX15: 新システムではTM会社から取得するよう変更
D16: 6 | E16: 請求日付 | M16: 日付 | P16: 半角 | V16: SQL1.請求日付
D17: 7 | E17: 登録番号 | M17: 数値 | P17: 半角 | V17: TM会社.インボイス登録番号 | AR17: "登録番号 " & [インボイス登録番号]
D18: 8 | E18: 郵便番号 | M18: 数値 | P18: 半角 | V18: TM会社.郵便番号 | AX18: 新システムではTM会社から取得するよう変更
D19: 9 | E19: 住所 | M19: 文字列 | P19: 全角 | V19: TM会社.住所1 | AX19: 新システムではTM会社から取得するよう変更
D20: 10 | E20: TEL | M20: 数値 | P20: 半角 | V20: TM会社.電話番号 | AX20: 新システムではTM会社から取得するよう変更
D21: 11 | E21: FAX | M21: 数値 | P21: 半角 | V21: TM会社.FAX番号 | AX21: 新システムではTM会社から取得するよう変更
D22: 12 | E22: 添付明細書数 | M22: 数値 | P22: 半角 | V22: SQL1.明細書数
D23: 13 | E23: 金額 | M23: 数値 | P23: 半角 | V23: SQL1.金額
D24: 14 | E24: 受渡地 | M24: 文字列 | P24: 全角 | V24: SQL1.受渡地
D25: 15 | E25: 消費税率 | M25: 数値 | P25: 半角 | V25: TM税率.切替日付,請求日付,TM税率.税率,TM税率.旧税率 | AB25: [切替日付] <= [請求日付]の場合は[税率]、 [切替日付] > [請求日付]の場合は[税率]を表示。
D26: 16 | E26: 消費税 | M26: 数値 | P26: 半角 | V26: SQL1.消費税
D27: 17 | E27: 摘要1 | M27: 文字列 | P27: 全角 | V27: SQL1.摘要1
D28: 18 | E28: 摘要2 | M28: 文字列 | P28: 全角 | V28: SQL1.摘要2
D29: 19 | E29: 摘要3 | M29: 文字列 | P29: 全角 | V29: SQL1.摘要3
D30: 20 | E30: 摘要4 | M30: 文字列 | P30: 全角 | V30: SQL1.摘要4
D31: 21 | E31: 摘要5 | M31: 文字列 | P31: 全角 | V31: SQL1.摘要5
D32: 22 | E32: 摘要6 | M32: 文字列 | P32: 全角 | V32: SQL1.摘要6
D33: 23 | E33: 合計金額 | M33: 数値 | P33: 半角 | V33: 13.金額,16.消費税 | AB33: [13.金額]と[16.消費税]の合計
D34: 24 | E34: テキスト１ | M34: 文字列 | P34: 全角 | AB34: 画面のチェックボックスにて指定がある場合のみ「※振込手数料のご負担をお願いいたします。」を表示。
D35: 25

Sheet 処理詳細_no
B2: システム名 | H2: 画面ID | L2: 業務分類 | R2: ドキュメント種別 | X2: ドキュメント名 | AK2: 帳票名 | AX2: 作成日 | BB2: 作成者 | BF2: 更新日 | BJ2: 更新者
B3: =変更履歴!B3 -> 受発注システム | H3: =変更履歴!H3 -> SU0200 | L3: =変更履歴!L3 -> 受発注 | R3: =変更履歴!R3 -> 帳票設計書 | X3: =変更履歴!X3 -> SU0200_手入力鏡_帳票設計書 | AK3: =変更履歴!AK3 -> 手入力鏡 | AX3: =変更履歴!AX3 -> 45583 | BB3: =変更履歴!BB3 -> 大谷 | BF3: =変更履歴!BF3 -> 45583 | BJ3: =変更履歴!BJ3 -> 大谷
B6: SQL1 | H6: select | J6: 鏡番号 | R6: TD手入力鏡.鏡番号
J7: 請求日付 | R7: TD手入力鏡.請求日付
J8: 得意先CD | R8: TD手入力鏡.得意先CD
J9: 得意先名1 | R9: TD手入力鏡.得意先名1
J10: 得意先名2 | R10: TD手入力鏡.得意先名2
J11: 納入先CD | R11: TD手入力鏡.納入先CD
J12: 受渡地 | R12: TD手入力鏡.受渡地
J13: 明細書数 | R13: TD手入力鏡.明細書数
J14: 摘要1 | R14: TD手入力鏡.摘要1
J15: 摘要2 | R15: TD手入力鏡.摘要2
J16: 摘要3 | R16: TD手入力鏡.摘要3
J17: 摘要4 | R17: TD手入力鏡.摘要4
J18: 摘要5 | R18: TD手入力鏡.摘要5
... J23: 登録変更日 | R23: TD手入力鏡.登録変更日
H24: from | J24: TD手入力鏡
H25: where | J25: 鏡番号= " & [鏡番号]

Sheet 処理詳細
B2: システム名 | H2: 画面ID | L2: システム分類 | R2: ドキュメント種別 | X2: ドキュメント名 | AK2: 帳票名 | AX2: 作成日 | BB2: 作成者 | BF2: 更新日 | BJ2: 更新者
B3: =変更履歴!B3 -> 受発注システム | H3: =変更履歴!H3 -> SU0200 | L3: =変更履歴!L3 -> 受発注 | R3: =変更履歴!R3 -> 帳票設計書 | X3: =変更履歴!X3 -> SU0200_手入力鏡_帳票設計書 | AK3: =変更履歴!AK3 -> 手入力鏡 | AX3: =変更履歴!AX3 -> 45583 | BB3: =変更履歴!BB3 -> 大谷 | BF3: =変更履歴!BF3 -> 45583 | BJ3: =変更履歴!BJ3 -> 大谷
B6: SQL1 | H6: select | J6: 鏡番号 | R6: TD手入力鏡.鏡番号
J7: 請求日付 | R7: TD手入力鏡.請求日付
J8: 得意先CD | R8: TD手入力鏡.得意先CD
J9: 得意先名1 | R9: TD手入力鏡.得意先名1
J10: 得意先名2 | R10: TD手入力鏡.得意先名2
J11: 受渡地 | R11: TD手入力鏡.受渡地
J12: 明細書数 | R12: TD手入力鏡.明細書数
J13: 金額 | R13: TD手入力鏡.金額
J14: 消費税 | R14: TD手入力鏡.消費税
J15: 合計 | R15: TD手入力鏡.金額 + TD手入力鏡.消費税
J16: 摘要1 | R16: TD手入力鏡.摘要1
J17: 摘要2 | R17: TD手入力鏡.摘要2
J18: 摘要3 | R18: TD手入力鏡.摘要3
... J21: 摘要6 | R21: TD手入力鏡.摘要6
J22: 見積番号[n+1] | R22: SQL[n+1].見積番号[n+1] | AK22: 存在する番号まで増える
J23: ：
J24: ：
H25: from | J25: TD手入力鏡
J26: SQL[n+1]
J27: ：
J28: ：
H29: join | J29: INNER JOIN
K30: SQL[n+1]
M31: TD手入力鏡.鏡番号=SQL[n+1].鏡番号
J32: ：
J33: ：
H34: where | J34: TD手入力鏡.鏡番号=[引数.鏡番号]
B35: SQL[n+1] | H35: select | J35: 鏡番号 | R35: TD手入力鏡内訳.鏡番号
J36: 見積番号[n](nには１から連番が入る) | R36: TD手入力鏡内訳.見積番号
H37: from | J37: TD手入力鏡内訳
H38: where | K38: TD手入力鏡内訳.鏡番号=[引数.鏡番号]
J39: AND | K39: TD手入力鏡内訳.枝番=[n]

Sheet 処理詳細_書き方
B2: システム名 | H2: 画面ID | L2: 業務分類 | R2: ドキュメント種別 | X2: ドキュメント名 | AK2: 帳票名 | AX2: 作成日 | BB2: 作成者 | BF2: 更新日 | BJ2: 更新者
B3: =変更履歴!B3 -> 受発注システム | H3: =変更履歴!H3 -> SU0200 | L3: =変更履歴!L3 -> 受発注 | R3: =変更履歴!R3 -> 帳票設計書 | X3: =変更履歴!X3 -> SU0200_手入力鏡_帳票設計書 | AK3: =変更履歴!AK3 -> 手入力鏡 | AX3: =変更履歴!AX3 -> 45583 | BB3: =変更履歴!BB3 -> 大谷 | BF3: =変更履歴!BF3 -> 45583 | BJ3: =変更履歴!BJ3 -> 大谷
B7: 1.タイトルを記載 | H7: select | J7: 項目名 | R7: 格納テーブル
J8: 仕入先CD | R8: VM支払予定情報.仕入先CD
J9: 仕入先名1 | R9: VM支払予定情報.仕入先名1
H10: from | J10: 使用するテーブル名を記載
J11: TD売上請求H
J12: TD見積
J13: TM納入先
H14: join | J14: 結合方式
K15: 結合テーブル名
M16: 結合条件
L17: and | M17: 結合条件
L18: or | M18: 結合条件
J19: INNER JOIN
K20: TM納入先
M21: [TD見積.納入得意先CD] = [TM納入先.得意先CD]
L22: and | M22: [TD見積.納入先CD] = [TM納入先.納入先CD]
H23: where | K23: 取得条件 | AK23: パラメータの意味が分かる場合は記載する
J24: and | K24: 取得条件
J25: or | K25: 取得条件
J26: ※可能な限り日本語化する
K27: [TD見積.得意先CD] = '8001' | AK27: 8001'はヤオコーの得意先CD
J28: and | K28: [TD売上請求H.請求日付]が[画面.請求期間From]以降
H32: order by | J32: ソート条件を記載
J33: [画面.iYK物件区分]が1の場合は[TD見積.納入得意先CD],[TD見積.納入先CD],[TD売上請求H.見積番号]を昇順でソート
H36: group byなどほかの条件がある場合は行を追加して記載

Sheet 確認事項
B2: 確認事項
B3: No. | C3: シート名 | D3: タイトル | E3: 概要 | F3: 回答 | G3: 確認済
B4: 1 | C4: 処理詳細 | E4: SQLの絞り込み条件で使用している鏡番号の取得元が不明 | F4: 画面から取得 | G4: 〇
B5: 2 | C5: レイアウト比較 | E5: 2種類のレイアウトの差異確認(A4とB5の違いのみ？) | F5: A4レイアウトのみ利用する | G5: 〇
B6: 3
B7: 4
B8: 5
B9: 6
B10: 7
B11: 8
B12: 9
B13: 10
B14: 11
B15: 12
B16: 13
B17: 14
... B54: 51

Sheet レイアウト比較
B2: SnwSE03R00 | O2: SnwSE03R01
B34: No. | C34: 差異
B35: 1 | C35: 赤枠の箇所
B36: 2 | C36: 全体的な横幅
B37: 3
B38: 4
B39: 5
B40: 6
B41: 7

Sheet 別紙_印刷レイアウト

Sheet 参照
A1: 数値
A2: ブール値
A3: 文字列
A4: 日付
A5: リスト
A6: 辞書配列
